
   INFO  Server running on [http://127.0.0.1:8000].  

  Press Ctrl+C to stop the server

   WARN  PHP Fatal error: Uncaught PDOException: SQLSTATE[42S22]: Column not found: 1054 Unknown column 'status' in 'where clause' in vendor/laravel/framework/src/Illuminate/Database/Connection.php:414.  

   WARN  Stack trace:  

   WARN  #0 vendor/laravel/framework/src/Illuminate/Database/Connection.php(414): PDO->prepare('select * from `...').  

   WARN  #1 vendor/laravel/framework/src/Illuminate/Database/Connection.php(753): Illuminate\Database\Connection->Illuminate\Database\{closure}('select * from `...', Array).  

   WARN  #2 vendor/laravel/framework/src/Illuminate/Database/Connection.php(720): Illuminate\Database\Connection->runQueryCallback('select * from `...', Array, Object(Closure)).  

   WARN  #3 vendor/laravel/framework/src/Illuminate/Database/Connection.php(405): Illuminate\Database\Connection->run('select * from `...', Array, Object(Closure)).  

   WARN  #4 vendor/laravel/framework/src/Illuminate/Database/Query/Builder.php(2705): Illuminate\Database\Connection->select('select * from `...', Array, true).  

   WARN  #5 vendor/laravel/framework/src/Illuminate/Database/Query/Builder.php(2694): Illuminate\Database\Query\Builder->runSelect().  

   WARN  #6 vendor/laravel/framework/src/Illuminate/Database/Query/Builder.php(3230): Illuminate\Database\Query\Builder->Illuminate\Database\Query\{closure}().  

   WARN  #7 vendor/laravel/framework/src/Illuminate/Database/Query/Builder.php(2693): Illuminate\Database\Query\Builder->onceWithColumns(Array, Object(Closure)).  

   WARN  #8 vendor/laravel/framework/src/Illuminate/Database/Eloquent/Builder.php(710): Illuminate\Database\Query\Builder->get(Array).  

   WARN  #9 vendor/laravel/framework/src/Illuminate/Database/Eloquent/Builder.php(694): Illuminate\Database\Eloquent\Builder->getModels(Array).  

   WARN  #10 storage/framework/views/23518080ae7ee854b82ae47f2d950cf26ee2c831.php(44): Illuminate\Database\Eloquent\Builder->get().  

   WARN  #11 vendor/laravel/framework/src/Illuminate/Filesystem/Filesystem.php(109): require('/Users/sanket/D...').  

   WARN  #12 vendor/laravel/framework/src/Illuminate/Filesystem/Filesystem.php(110): Illuminate\Filesystem\Filesystem::Illuminate\Filesystem\{closure}().  

   WARN  #13 vendor/laravel/framework/src/Illuminate/View/Engines/PhpEngine.php(58): Illuminate\Filesystem\Filesystem->getRequire('/Users/sanket/D...', Array).  

   WARN  #14 vendor/laravel/framework/src/Illuminate/View/Engines/CompilerEngine.php(70): Illuminate\View\Engines\PhpEngine->evaluatePath('/Users/sanket/D...', Array).  

   WARN  #15 vendor/laravel/framework/src/Illuminate/View/View.php(195): Illuminate\View\Engines\CompilerEngine->get('/Users/sanket/D...', Array).  

   WARN  #16 vendor/laravel/framework/src/Illuminate/View/View.php(178): Illuminate\View\View->getContents().  

   WARN  #17 vendor/laravel/framework/src/Illuminate/View/View.php(147): Illuminate\View\View->renderContents().  

   WARN  #18 storage/framework/views/81a5e466783f04f6291855a5dd02b6586bebf502.php(175): Illuminate\View\View->render().  

   WARN  #19 vendor/laravel/framework/src/Illuminate/Filesystem/Filesystem.php(109): require('/Users/sanket/D...').  

   WARN  #20 vendor/laravel/framework/src/Illuminate/Filesystem/Filesystem.php(110): Illuminate\Filesystem\Filesystem::Illuminate\Filesystem\{closure}().  

   WARN  #21 vendor/laravel/framework/src/Illuminate/View/Engines/PhpEngine.php(58): Illuminate\Filesystem\Filesystem->getRequire('/Users/sanket/D...', Array).  

   WARN  #22 vendor/laravel/framework/src/Illuminate/View/Engines/CompilerEngine.php(70): Illuminate\View\Engines\PhpEngine->evaluatePath('/Users/sanket/D...', Array).  

   WARN  #23 vendor/laravel/framework/src/Illuminate/View/View.php(195): Illuminate\View\Engines\CompilerEngine->get('/Users/sanket/D...', Array).  

   WARN  #24 vendor/laravel/framework/src/Illuminate/View/View.php(178): Illuminate\View\View->getContents().  

   WARN  #25 vendor/laravel/framework/src/Illuminate/View/View.php(147): Illuminate\View\View->renderContents().  

   WARN  #26 storage/framework/views/9ffbb18b5434c05b2ce2f4116a39e1ab73e54eb4.php(17): Illuminate\View\View->render().  

   WARN  #27 vendor/laravel/framework/src/Illuminate/Filesystem/Filesystem.php(109): require('/Users/sanket/D...').  

   WARN  #28 vendor/laravel/framework/src/Illuminate/Filesystem/Filesystem.php(110): Illuminate\Filesystem\Filesystem::Illuminate\Filesystem\{closure}().  

   WARN  #29 vendor/laravel/framework/src/Illuminate/View/Engines/PhpEngine.php(58): Illuminate\Filesystem\Filesystem->getRequire('/Users/sanket/D...', Array).  

   WARN  #30 vendor/laravel/framework/src/Illuminate/View/Engines/CompilerEngine.php(70): Illuminate\View\Engines\PhpEngine->evaluatePath('/Users/sanket/D...', Array).  

   WARN  #31 vendor/laravel/framework/src/Illuminate/View/View.php(195): Illuminate\View\Engines\CompilerEngine->get('/Users/sanket/D...', Array).  

   WARN  #32 vendor/laravel/framework/src/Illuminate/View/View.php(178): Illuminate\View\View->getContents().  

   WARN  #33 vendor/laravel/framework/src/Illuminate/View/View.php(147): Illuminate\View\View->renderContents().  

   WARN  #34 vendor/laravel/framework/src/Illuminate/Http/Response.php(69): Illuminate\View\View->render().  

   WARN  #35 vendor/laravel/framework/src/Illuminate/Http/Response.php(35): Illuminate\Http\Response->setContent(Object(Illuminate\View\View)).  

   WARN  #36 vendor/laravel/framework/src/Illuminate/Routing/ResponseFactory.php(57): Illuminate\Http\Response->__construct(Object(Illuminate\View\View), 500, Array).  

   WARN  #37 vendor/laravel/framework/src/Illuminate/Routing/ResponseFactory.php(87): Illuminate\Routing\ResponseFactory->make(Object(Illuminate\View\View), 500, Array).  

   WARN  #38 vendor/laravel/framework/src/Illuminate/Foundation/Exceptions/Handler.php(626): Illuminate\Routing\ResponseFactory->view('errors::500', Array, 500, Array).  

   WARN  #39 vendor/laravel/framework/src/Illuminate/Foundation/Exceptions/Handler.php(554): Illuminate\Foundation\Exceptions\Handler->renderHttpException(Object(Symfony\Component\HttpKernel\Exception\HttpException)).  

   WARN  #40 vendor/laravel/framework/src/Illuminate/Foundation/Exceptions/Handler.php(460): Illuminate\Foundation\Exceptions\Handler->prepareResponse(Object(Illuminate\Http\Request), Object(Symfony\Component\HttpKernel\Exception\HttpException)).  

   WARN  #41 vendor/laravel/framework/src/Illuminate/Foundation/Exceptions/Handler.php(377): Illuminate\Foundation\Exceptions\Handler->renderExceptionResponse(Object(Illuminate\Http\Request), Object(Spatie\LaravelIgnition\Exceptions\ViewException)).  

   WARN  #42 app/Exceptions/Handler.php(53): Illuminate\Foundation\Exceptions\Handler->render(Object(Illuminate\Http\Request), Object(Spatie\LaravelIgnition\Exceptions\ViewException)).  

   WARN  #43 vendor/laravel/framework/src/Illuminate/Foundation/Bootstrap/HandleExceptions.php(233): App\Exceptions\Handler->render(Object(Illuminate\Http\Request), Object(Illuminate\View\ViewException)).  

   WARN  #44 vendor/laravel/framework/src/Illuminate/Foundation/Bootstrap/HandleExceptions.php(210): Illuminate\Foundation\Bootstrap\HandleExceptions->renderHttpResponse(Object(Illuminate\View\ViewException)).  

   WARN  #45 vendor/laravel/framework/src/Illuminate/Foundation/Bootstrap/HandleExceptions.php(270): Illuminate\Foundation\Bootstrap\HandleExceptions->handleException(Object(Illuminate\View\ViewException)).  

   WARN  #46 [internal function]: Illuminate\Foundation\Bootstrap\HandleExceptions->Illuminate\Foundation\Bootstrap\{closure}(Object(Illuminate\View\ViewException)).  

   WARN  #47 {main}.  

   WARN  Next Illuminate\Database\QueryException: SQLSTATE[42S22]: Column not found: 1054 Unknown column 'status' in 'where clause' (SQL: select * from `languages` where `status` = 1 and `languages`.`deleted_at` is null) in vendor/laravel/framework/src/Illuminate/Database/Connection.php:760.  

   WARN  Stack trace:  

   WARN  #0 vendor/laravel/framework/src/Illuminate/Database/Connection.php(720): Illuminate\Database\Connection->runQueryCallback('select * from `...', Array, Object(Closure)).  

   WARN  #1 vendor/laravel/framework/src/Illuminate/Database/Connection.php(405): Illuminate\Database\Connection->run('select * from `...', Array, Object(Closure)).  

   WARN  #2 vendor/laravel/framework/src/Illuminate/Database/Query/Builder.php(2705): Illuminate\Database\Connection->select('select * from `...', Array, true).  

   WARN  #3 vendor/laravel/framework/src/Illuminate/Database/Query/Builder.php(2694): Illuminate\Database\Query\Builder->runSelect().  

   WARN  #4 vendor/laravel/framework/src/Illuminate/Database/Query/Builder.php(3230): Illuminate\Database\Query\Builder->Illuminate\Database\Query\{closure}().  

   WARN  #5 vendor/laravel/framework/src/Illuminate/Database/Query/Builder.php(2693): Illuminate\Database\Query\Builder->onceWithColumns(Array, Object(Closure)).  

   WARN  #6 vendor/laravel/framework/src/Illuminate/Database/Eloquent/Builder.php(710): Illuminate\Database\Query\Builder->get(Array).  

   WARN  #7 vendor/laravel/framework/src/Illuminate/Database/Eloquent/Builder.php(694): Illuminate\Database\Eloquent\Builder->getModels(Array).  

   WARN  #8 storage/framework/views/23518080ae7ee854b82ae47f2d950cf26ee2c831.php(44): Illuminate\Database\Eloquent\Builder->get().  

   WARN  #9 vendor/laravel/framework/src/Illuminate/Filesystem/Filesystem.php(109): require('/Users/sanket/D...').  

   WARN  #10 vendor/laravel/framework/src/Illuminate/Filesystem/Filesystem.php(110): Illuminate\Filesystem\Filesystem::Illuminate\Filesystem\{closure}().  

   WARN  #11 vendor/laravel/framework/src/Illuminate/View/Engines/PhpEngine.php(58): Illuminate\Filesystem\Filesystem->getRequire('/Users/sanket/D...', Array).  

   WARN  #12 vendor/laravel/framework/src/Illuminate/View/Engines/CompilerEngine.php(70): Illuminate\View\Engines\PhpEngine->evaluatePath('/Users/sanket/D...', Array).  

   WARN  #13 vendor/laravel/framework/src/Illuminate/View/View.php(195): Illuminate\View\Engines\CompilerEngine->get('/Users/sanket/D...', Array).  

   WARN  #14 vendor/laravel/framework/src/Illuminate/View/View.php(178): Illuminate\View\View->getContents().  

   WARN  #15 vendor/laravel/framework/src/Illuminate/View/View.php(147): Illuminate\View\View->renderContents().  

   WARN  #16 storage/framework/views/81a5e466783f04f6291855a5dd02b6586bebf502.php(175): Illuminate\View\View->render().  

   WARN  #17 vendor/laravel/framework/src/Illuminate/Filesystem/Filesystem.php(109): require('/Users/sanket/D...').  

   WARN  #18 vendor/laravel/framework/src/Illuminate/Filesystem/Filesystem.php(110): Illuminate\Filesystem\Filesystem::Illuminate\Filesystem\{closure}().  

   WARN  #19 vendor/laravel/framework/src/Illuminate/View/Engines/PhpEngine.php(58): Illuminate\Filesystem\Filesystem->getRequire('/Users/sanket/D...', Array).  

   WARN  #20 vendor/laravel/framework/src/Illuminate/View/Engines/CompilerEngine.php(70): Illuminate\View\Engines\PhpEngine->evaluatePath('/Users/sanket/D...', Array).  

   WARN  #21 vendor/laravel/framework/src/Illuminate/View/View.php(195): Illuminate\View\Engines\CompilerEngine->get('/Users/sanket/D...', Array).  

   WARN  #22 vendor/laravel/framework/src/Illuminate/View/View.php(178): Illuminate\View\View->getContents().  

   WARN  #23 vendor/laravel/framework/src/Illuminate/View/View.php(147): Illuminate\View\View->renderContents().  

   WARN  #24 storage/framework/views/9ffbb18b5434c05b2ce2f4116a39e1ab73e54eb4.php(17): Illuminate\View\View->render().  

   WARN  #25 vendor/laravel/framework/src/Illuminate/Filesystem/Filesystem.php(109): require('/Users/sanket/D...').  

   WARN  #26 vendor/laravel/framework/src/Illuminate/Filesystem/Filesystem.php(110): Illuminate\Filesystem\Filesystem::Illuminate\Filesystem\{closure}().  

   WARN  #27 vendor/laravel/framework/src/Illuminate/View/Engines/PhpEngine.php(58): Illuminate\Filesystem\Filesystem->getRequire('/Users/sanket/D...', Array).  

   WARN  #28 vendor/laravel/framework/src/Illuminate/View/Engines/CompilerEngine.php(70): Illuminate\View\Engines\PhpEngine->evaluatePath('/Users/sanket/D...', Array).  

   WARN  #29 vendor/laravel/framework/src/Illuminate/View/View.php(195): Illuminate\View\Engines\CompilerEngine->get('/Users/sanket/D...', Array).  

   WARN  #30 vendor/laravel/framework/src/Illuminate/View/View.php(178): Illuminate\View\View->getContents().  

   WARN  #31 vendor/laravel/framework/src/Illuminate/View/View.php(147): Illuminate\View\View->renderContents().  

   WARN  #32 vendor/laravel/framework/src/Illuminate/Http/Response.php(69): Illuminate\View\View->render().  

   WARN  #33 vendor/laravel/framework/src/Illuminate/Http/Response.php(35): Illuminate\Http\Response->setContent(Object(Illuminate\View\View)).  

   WARN  #34 vendor/laravel/framework/src/Illuminate/Routing/ResponseFactory.php(57): Illuminate\Http\Response->__construct(Object(Illuminate\View\View), 500, Array).  

   WARN  #35 vendor/laravel/framework/src/Illuminate/Routing/ResponseFactory.php(87): Illuminate\Routing\ResponseFactory->make(Object(Illuminate\View\View), 500, Array).  

   WARN  #36 vendor/laravel/framework/src/Illuminate/Foundation/Exceptions/Handler.php(626): Illuminate\Routing\ResponseFactory->view('errors::500', Array, 500, Array).  

   WARN  #37 vendor/laravel/framework/src/Illuminate/Foundation/Exceptions/Handler.php(554): Illuminate\Foundation\Exceptions\Handler->renderHttpException(Object(Symfony\Component\HttpKernel\Exception\HttpException)).  

   WARN  #38 vendor/laravel/framework/src/Illuminate/Foundation/Exceptions/Handler.php(460): Illuminate\Foundation\Exceptions\Handler->prepareResponse(Object(Illuminate\Http\Request), Object(Symfony\Component\HttpKernel\Exception\HttpException)).  

   WARN  #39 vendor/laravel/framework/src/Illuminate/Foundation/Exceptions/Handler.php(377): Illuminate\Foundation\Exceptions\Handler->renderExceptionResponse(Object(Illuminate\Http\Request), Object(Spatie\LaravelIgnition\Exceptions\ViewException)).  

   WARN  #40 app/Exceptions/Handler.php(53): Illuminate\Foundation\Exceptions\Handler->render(Object(Illuminate\Http\Request), Object(Spatie\LaravelIgnition\Exceptions\ViewException)).  

   WARN  #41 vendor/laravel/framework/src/Illuminate/Foundation/Bootstrap/HandleExceptions.php(233): App\Exceptions\Handler->render(Object(Illuminate\Http\Request), Object(Illuminate\View\ViewException)).  

   WARN  #42 vendor/laravel/framework/src/Illuminate/Foundation/Bootstrap/HandleExceptions.php(210): Illuminate\Foundation\Bootstrap\HandleExceptions->renderHttpResponse(Object(Illuminate\View\ViewException)).  

   WARN  #43 vendor/laravel/framework/src/Illuminate/Foundation/Bootstrap/HandleExceptions.php(270): Illuminate\Foundation\Bootstrap\HandleExceptions->handleException(Object(Illuminate\View\ViewException)).  

   WARN  #44 [internal function]: Illuminate\Foundation\Bootstrap\HandleExceptions->Illuminate\Foundation\Bootstrap\{closure}(Object(Illuminate\View\ViewException)).  

   WARN  #45 {main}.  

   WARN  Next Illuminate\View\ViewException: SQLSTATE[42S22]: Column not found: 1054 Unknown column 'status' in 'where clause' (SQL: select * from `languages` where `status` = 1 and `languages`.`deleted_at` is null) (View: resources/views/frontend/inc/header.blade.php) in vendor/laravel/framework/src/Illuminate/Database/Connection.php:760.  

   WARN  Stack trace:  

   WARN  #0 vendor/laravel/framework/src/Illuminate/View/Engines/PhpEngine.php(60): Illuminate\View\Engines\CompilerEngine->handleViewException(Object(Illuminate\Database\QueryException), 3).  

   WARN  #1 vendor/laravel/framework/src/Illuminate/View/Engines/CompilerEngine.php(70): Illuminate\View\Engines\PhpEngine->evaluatePath('/Users/sanket/D...', Array).  

   WARN  #2 vendor/laravel/framework/src/Illuminate/View/View.php(195): Illuminate\View\Engines\CompilerEngine->get('/Users/sanket/D...', Array).  

   WARN  #3 vendor/laravel/framework/src/Illuminate/View/View.php(178): Illuminate\View\View->getContents().  

   WARN  #4 vendor/laravel/framework/src/Illuminate/View/View.php(147): Illuminate\View\View->renderContents().  

   WARN  #5 storage/framework/views/81a5e466783f04f6291855a5dd02b6586bebf502.php(175): Illuminate\View\View->render().  

   WARN  #6 vendor/laravel/framework/src/Illuminate/Filesystem/Filesystem.php(109): require('/Users/sanket/D...').  

   WARN  #7 vendor/laravel/framework/src/Illuminate/Filesystem/Filesystem.php(110): Illuminate\Filesystem\Filesystem::Illuminate\Filesystem\{closure}().  

   WARN  #8 vendor/laravel/framework/src/Illuminate/View/Engines/PhpEngine.php(58): Illuminate\Filesystem\Filesystem->getRequire('/Users/sanket/D...', Array).  

   WARN  #9 vendor/laravel/framework/src/Illuminate/View/Engines/CompilerEngine.php(70): Illuminate\View\Engines\PhpEngine->evaluatePath('/Users/sanket/D...', Array).  

   WARN  #10 vendor/laravel/framework/src/Illuminate/View/View.php(195): Illuminate\View\Engines\CompilerEngine->get('/Users/sanket/D...', Array).  

   WARN  #11 vendor/laravel/framework/src/Illuminate/View/View.php(178): Illuminate\View\View->getContents().  

   WARN  #12 vendor/laravel/framework/src/Illuminate/View/View.php(147): Illuminate\View\View->renderContents().  

   WARN  #13 storage/framework/views/9ffbb18b5434c05b2ce2f4116a39e1ab73e54eb4.php(17): Illuminate\View\View->render().  

   WARN  #14 vendor/laravel/framework/src/Illuminate/Filesystem/Filesystem.php(109): require('/Users/sanket/D...').  

   WARN  #15 vendor/laravel/framework/src/Illuminate/Filesystem/Filesystem.php(110): Illuminate\Filesystem\Filesystem::Illuminate\Filesystem\{closure}().  

   WARN  #16 vendor/laravel/framework/src/Illuminate/View/Engines/PhpEngine.php(58): Illuminate\Filesystem\Filesystem->getRequire('/Users/sanket/D...', Array).  

   WARN  #17 vendor/laravel/framework/src/Illuminate/View/Engines/CompilerEngine.php(70): Illuminate\View\Engines\PhpEngine->evaluatePath('/Users/sanket/D...', Array).  

   WARN  #18 vendor/laravel/framework/src/Illuminate/View/View.php(195): Illuminate\View\Engines\CompilerEngine->get('/Users/sanket/D...', Array).  

   WARN  #19 vendor/laravel/framework/src/Illuminate/View/View.php(178): Illuminate\View\View->getContents().  

   WARN  #20 vendor/laravel/framework/src/Illuminate/View/View.php(147): Illuminate\View\View->renderContents().  

   WARN  #21 vendor/laravel/framework/src/Illuminate/Http/Response.php(69): Illuminate\View\View->render().  

   WARN  #22 vendor/laravel/framework/src/Illuminate/Http/Response.php(35): Illuminate\Http\Response->setContent(Object(Illuminate\View\View)).  

   WARN  #23 vendor/laravel/framework/src/Illuminate/Routing/ResponseFactory.php(57): Illuminate\Http\Response->__construct(Object(Illuminate\View\View), 500, Array).  

   WARN  #24 vendor/laravel/framework/src/Illuminate/Routing/ResponseFactory.php(87): Illuminate\Routing\ResponseFactory->make(Object(Illuminate\View\View), 500, Array).  

   WARN  #25 vendor/laravel/framework/src/Illuminate/Foundation/Exceptions/Handler.php(626): Illuminate\Routing\ResponseFactory->view('errors::500', Array, 500, Array).  

   WARN  #26 vendor/laravel/framework/src/Illuminate/Foundation/Exceptions/Handler.php(554): Illuminate\Foundation\Exceptions\Handler->renderHttpException(Object(Symfony\Component\HttpKernel\Exception\HttpException)).  

   WARN  #27 vendor/laravel/framework/src/Illuminate/Foundation/Exceptions/Handler.php(460): Illuminate\Foundation\Exceptions\Handler->prepareResponse(Object(Illuminate\Http\Request), Object(Symfony\Component\HttpKernel\Exception\HttpException)).  

   WARN  #28 vendor/laravel/framework/src/Illuminate/Foundation/Exceptions/Handler.php(377): Illuminate\Foundation\Exceptions\Handler->renderExceptionResponse(Object(Illuminate\Http\Request), Object(Spatie\LaravelIgnition\Exceptions\ViewException)).  

   WARN  #29 app/Exceptions/Handler.php(53): Illuminate\Foundation\Exceptions\Handler->render(Object(Illuminate\Http\Request), Object(Spatie\LaravelIgnition\Exceptions\ViewException)).  

   WARN  #30 vendor/laravel/framework/src/Illuminate/Foundation/Bootstrap/HandleExceptions.php(233): App\Exceptions\Handler->render(Object(Illuminate\Http\Request), Object(Illuminate\View\ViewException)).  

   WARN  #31 vendor/laravel/framework/src/Illuminate/Foundation/Bootstrap/HandleExceptions.php(210): Illuminate\Foundation\Bootstrap\HandleExceptions->renderHttpResponse(Object(Illuminate\View\ViewException)).  

   WARN  #32 vendor/laravel/framework/src/Illuminate/Foundation/Bootstrap/HandleExceptions.php(270): Illuminate\Foundation\Bootstrap\HandleExceptions->handleException(Object(Illuminate\View\ViewException)).  

   WARN  #33 [internal function]: Illuminate\Foundation\Bootstrap\HandleExceptions->Illuminate\Foundation\Bootstrap\{closure}(Object(Illuminate\View\ViewException)).  

   WARN  #34 {main}.  

   WARN  Next Illuminate\View\ViewException: SQLSTATE[42S22]: Column not found: 1054 Unknown column 'status' in 'where clause' (SQL: select * from `languages` where `status` = 1 and `languages`.`deleted_at` is null) (View: resources/views/frontend/inc/header.blade.php) (View: resources/views/frontend/inc/header.blade.php) in vendor/laravel/framework/src/Illuminate/Database/Connection.php:760.  

   WARN  Stack trace:  

   WARN  #0 vendor/laravel/framework/src/Illuminate/View/Engines/PhpEngine.php(60): Illuminate\View\Engines\CompilerEngine->handleViewException(Object(Illuminate\View\ViewException), 2).  

   WARN  #1 vendor/laravel/framework/src/Illuminate/View/Engines/CompilerEngine.php(70): Illuminate\View\Engines\PhpEngine->evaluatePath('/Users/sanket/D...', Array).  

   WARN  #2 vendor/laravel/framework/src/Illuminate/View/View.php(195): Illuminate\View\Engines\CompilerEngine->get('/Users/sanket/D...', Array).  

   WARN  #3 vendor/laravel/framework/src/Illuminate/View/View.php(178): Illuminate\View\View->getContents().  

   WARN  #4 vendor/laravel/framework/src/Illuminate/View/View.php(147): Illuminate\View\View->renderContents().  

   WARN  #5 storage/framework/views/9ffbb18b5434c05b2ce2f4116a39e1ab73e54eb4.php(17): Illuminate\View\View->render().  

   WARN  #6 vendor/laravel/framework/src/Illuminate/Filesystem/Filesystem.php(109): require('/Users/sanket/D...').  

   WARN  #7 vendor/laravel/framework/src/Illuminate/Filesystem/Filesystem.php(110): Illuminate\Filesystem\Filesystem::Illuminate\Filesystem\{closure}().  

   WARN  #8 vendor/laravel/framework/src/Illuminate/View/Engines/PhpEngine.php(58): Illuminate\Filesystem\Filesystem->getRequire('/Users/sanket/D...', Array).  

   WARN  #9 vendor/laravel/framework/src/Illuminate/View/Engines/CompilerEngine.php(70): Illuminate\View\Engines\PhpEngine->evaluatePath('/Users/sanket/D...', Array).  

   WARN  #10 vendor/laravel/framework/src/Illuminate/View/View.php(195): Illuminate\View\Engines\CompilerEngine->get('/Users/sanket/D...', Array).  

   WARN  #11 vendor/laravel/framework/src/Illuminate/View/View.php(178): Illuminate\View\View->getContents().  

   WARN  #12 vendor/laravel/framework/src/Illuminate/View/View.php(147): Illuminate\View\View->renderContents().  

   WARN  #13 vendor/laravel/framework/src/Illuminate/Http/Response.php(69): Illuminate\View\View->render().  

   WARN  #14 vendor/laravel/framework/src/Illuminate/Http/Response.php(35): Illuminate\Http\Response->setContent(Object(Illuminate\View\View)).  

   WARN  #15 vendor/laravel/framework/src/Illuminate/Routing/ResponseFactory.php(57): Illuminate\Http\Response->__construct(Object(Illuminate\View\View), 500, Array).  

   WARN  #16 vendor/laravel/framework/src/Illuminate/Routing/ResponseFactory.php(87): Illuminate\Routing\ResponseFactory->make(Object(Illuminate\View\View), 500, Array).  

   WARN  #17 vendor/laravel/framework/src/Illuminate/Foundation/Exceptions/Handler.php(626): Illuminate\Routing\ResponseFactory->view('errors::500', Array, 500, Array).  

   WARN  #18 vendor/laravel/framework/src/Illuminate/Foundation/Exceptions/Handler.php(554): Illuminate\Foundation\Exceptions\Handler->renderHttpException(Object(Symfony\Component\HttpKernel\Exception\HttpException)).  

   WARN  #19 vendor/laravel/framework/src/Illuminate/Foundation/Exceptions/Handler.php(460): Illuminate\Foundation\Exceptions\Handler->prepareResponse(Object(Illuminate\Http\Request), Object(Symfony\Component\HttpKernel\Exception\HttpException)).  

   WARN  #20 vendor/laravel/framework/src/Illuminate/Foundation/Exceptions/Handler.php(377): Illuminate\Foundation\Exceptions\Handler->renderExceptionResponse(Object(Illuminate\Http\Request), Object(Spatie\LaravelIgnition\Exceptions\ViewException)).  

   WARN  #21 app/Exceptions/Handler.php(53): Illuminate\Foundation\Exceptions\Handler->render(Object(Illuminate\Http\Request), Object(Spatie\LaravelIgnition\Exceptions\ViewException)).  

   WARN  #22 vendor/laravel/framework/src/Illuminate/Foundation/Bootstrap/HandleExceptions.php(233): App\Exceptions\Handler->render(Object(Illuminate\Http\Request), Object(Illuminate\View\ViewException)).  

   WARN  #23 vendor/laravel/framework/src/Illuminate/Foundation/Bootstrap/HandleExceptions.php(210): Illuminate\Foundation\Bootstrap\HandleExceptions->renderHttpResponse(Object(Illuminate\View\ViewException)).  

   WARN  #24 vendor/laravel/framework/src/Illuminate/Foundation/Bootstrap/HandleExceptions.php(270): Illuminate\Foundation\Bootstrap\HandleExceptions->handleException(Object(Illuminate\View\ViewException)).  

   WARN  #25 [internal function]: Illuminate\Foundation\Bootstrap\HandleExceptions->Illuminate\Foundation\Bootstrap\{closure}(Object(Illuminate\View\ViewException)).  

   WARN  #26 {main}.  

   WARN  Next Illuminate\View\ViewException: SQLSTATE[42S22]: Column not found: 1054 Unknown column 'status' in 'where clause' (SQL: select * from `languages` where `status` = 1 and `languages`.`deleted_at` is null) (View: resources/views/frontend/inc/header.blade.php) (View: resources/views/frontend/inc/header.blade.php) (View: resources/views/frontend/inc/header.blade.php) in vendor/laravel/framework/src/Illuminate/Database/Connection.php:760.  

   WARN  Stack trace:  

   WARN  #0 vendor/laravel/framework/src/Illuminate/View/Engines/PhpEngine.php(60): Illuminate\View\Engines\CompilerEngine->handleViewException(Object(Illuminate\View\ViewException), 1).  

   WARN  #1 vendor/laravel/framework/src/Illuminate/View/Engines/CompilerEngine.php(70): Illuminate\View\Engines\PhpEngine->evaluatePath('/Users/sanket/D...', Array).  

   WARN  #2 vendor/laravel/framework/src/Illuminate/View/View.php(195): Illuminate\View\Engines\CompilerEngine->get('/Users/sanket/D...', Array).  

   WARN  #3 vendor/laravel/framework/src/Illuminate/View/View.php(178): Illuminate\View\View->getContents().  

   WARN  #4 vendor/laravel/framework/src/Illuminate/View/View.php(147): Illuminate\View\View->renderContents().  

   WARN  #5 vendor/laravel/framework/src/Illuminate/Http/Response.php(69): Illuminate\View\View->render().  

   WARN  #6 vendor/laravel/framework/src/Illuminate/Http/Response.php(35): Illuminate\Http\Response->setContent(Object(Illuminate\View\View)).  

   WARN  #7 vendor/laravel/framework/src/Illuminate/Routing/ResponseFactory.php(57): Illuminate\Http\Response->__construct(Object(Illuminate\View\View), 500, Array).  

   WARN  #8 vendor/laravel/framework/src/Illuminate/Routing/ResponseFactory.php(87): Illuminate\Routing\ResponseFactory->make(Object(Illuminate\View\View), 500, Array).  

   WARN  #9 vendor/laravel/framework/src/Illuminate/Foundation/Exceptions/Handler.php(626): Illuminate\Routing\ResponseFactory->view('errors::500', Array, 500, Array).  

   WARN  #10 vendor/laravel/framework/src/Illuminate/Foundation/Exceptions/Handler.php(554): Illuminate\Foundation\Exceptions\Handler->renderHttpException(Object(Symfony\Component\HttpKernel\Exception\HttpException)).  

   WARN  #11 vendor/laravel/framework/src/Illuminate/Foundation/Exceptions/Handler.php(460): Illuminate\Foundation\Exceptions\Handler->prepareResponse(Object(Illuminate\Http\Request), Object(Symfony\Component\HttpKernel\Exception\HttpException)).  

   WARN  #12 vendor/laravel/framework/src/Illuminate/Foundation/Exceptions/Handler.php(377): Illuminate\Foundation\Exceptions\Handler->renderExceptionResponse(Object(Illuminate\Http\Request), Object(Spatie\LaravelIgnition\Exceptions\ViewException)).  

   WARN  #13 app/Exceptions/Handler.php(53): Illuminate\Foundation\Exceptions\Handler->render(Object(Illuminate\Http\Request), Object(Spatie\LaravelIgnition\Exceptions\ViewException)).  

   WARN  #14 vendor/laravel/framework/src/Illuminate/Foundation/Bootstrap/HandleExceptions.php(233): App\Exceptions\Handler->render(Object(Illuminate\Http\Request), Object(Illuminate\View\ViewException)).  

   WARN  #15 vendor/laravel/framework/src/Illuminate/Foundation/Bootstrap/HandleExceptions.php(210): Illuminate\Foundation\Bootstrap\HandleExceptions->renderHttpResponse(Object(Illuminate\View\ViewException)).  

   WARN  #16 vendor/laravel/framework/src/Illuminate/Foundation/Bootstrap/HandleExceptions.php(270): Illuminate\Foundation\Bootstrap\HandleExceptions->handleException(Object(Illuminate\View\ViewException)).  

   WARN  #17 [internal function]: Illuminate\Foundation\Bootstrap\HandleExceptions->Illuminate\Foundation\Bootstrap\{closure}(Object(Illuminate\View\ViewException)).  

   WARN  #18 {main}.  

   WARN  thrown in vendor/laravel/framework/src/Illuminate/Database/Connection.php on line 760.  

   WARN  PHP Fatal error: Uncaught PDOException: SQLSTATE[42S22]: Column not found: 1054 Unknown column 'status' in 'where clause' in vendor/laravel/framework/src/Illuminate/Database/Connection.php:414.  

   WARN  Stack trace:  

   WARN  #0 vendor/laravel/framework/src/Illuminate/Database/Connection.php(414): PDO->prepare('select * from `...').  

   WARN  #1 vendor/laravel/framework/src/Illuminate/Database/Connection.php(753): Illuminate\Database\Connection->Illuminate\Database\{closure}('select * from `...', Array).  

   WARN  #2 vendor/laravel/framework/src/Illuminate/Database/Connection.php(720): Illuminate\Database\Connection->runQueryCallback('select * from `...', Array, Object(Closure)).  

   WARN  #3 vendor/laravel/framework/src/Illuminate/Database/Connection.php(405): Illuminate\Database\Connection->run('select * from `...', Array, Object(Closure)).  

   WARN  #4 vendor/laravel/framework/src/Illuminate/Database/Query/Builder.php(2705): Illuminate\Database\Connection->select('select * from `...', Array, true).  

   WARN  #5 vendor/laravel/framework/src/Illuminate/Database/Query/Builder.php(2694): Illuminate\Database\Query\Builder->runSelect().  

   WARN  #6 vendor/laravel/framework/src/Illuminate/Database/Query/Builder.php(3230): Illuminate\Database\Query\Builder->Illuminate\Database\Query\{closure}().  

   WARN  #7 vendor/laravel/framework/src/Illuminate/Database/Query/Builder.php(2693): Illuminate\Database\Query\Builder->onceWithColumns(Array, Object(Closure)).  

   WARN  #8 vendor/laravel/framework/src/Illuminate/Database/Eloquent/Builder.php(710): Illuminate\Database\Query\Builder->get(Array).  

   WARN  #9 vendor/laravel/framework/src/Illuminate/Database/Eloquent/Builder.php(694): Illuminate\Database\Eloquent\Builder->getModels(Array).  

   WARN  #10 storage/framework/views/23518080ae7ee854b82ae47f2d950cf26ee2c831.php(44): Illuminate\Database\Eloquent\Builder->get().  

   WARN  #11 vendor/laravel/framework/src/Illuminate/Filesystem/Filesystem.php(109): require('/Users/sanket/D...').  

   WARN  #12 vendor/laravel/framework/src/Illuminate/Filesystem/Filesystem.php(110): Illuminate\Filesystem\Filesystem::Illuminate\Filesystem\{closure}().  

   WARN  #13 vendor/laravel/framework/src/Illuminate/View/Engines/PhpEngine.php(58): Illuminate\Filesystem\Filesystem->getRequire('/Users/sanket/D...', Array).  

   WARN  #14 vendor/laravel/framework/src/Illuminate/View/Engines/CompilerEngine.php(70): Illuminate\View\Engines\PhpEngine->evaluatePath('/Users/sanket/D...', Array).  

   WARN  #15 vendor/laravel/framework/src/Illuminate/View/View.php(195): Illuminate\View\Engines\CompilerEngine->get('/Users/sanket/D...', Array).  

   WARN  #16 vendor/laravel/framework/src/Illuminate/View/View.php(178): Illuminate\View\View->getContents().  

   WARN  #17 vendor/laravel/framework/src/Illuminate/View/View.php(147): Illuminate\View\View->renderContents().  

   WARN  #18 storage/framework/views/81a5e466783f04f6291855a5dd02b6586bebf502.php(175): Illuminate\View\View->render().  

   WARN  #19 vendor/laravel/framework/src/Illuminate/Filesystem/Filesystem.php(109): require('/Users/sanket/D...').  

   WARN  #20 vendor/laravel/framework/src/Illuminate/Filesystem/Filesystem.php(110): Illuminate\Filesystem\Filesystem::Illuminate\Filesystem\{closure}().  

   WARN  #21 vendor/laravel/framework/src/Illuminate/View/Engines/PhpEngine.php(58): Illuminate\Filesystem\Filesystem->getRequire('/Users/sanket/D...', Array).  

   WARN  #22 vendor/laravel/framework/src/Illuminate/View/Engines/CompilerEngine.php(70): Illuminate\View\Engines\PhpEngine->evaluatePath('/Users/sanket/D...', Array).  

   WARN  #23 vendor/laravel/framework/src/Illuminate/View/View.php(195): Illuminate\View\Engines\CompilerEngine->get('/Users/sanket/D...', Array).  

   WARN  #24 vendor/laravel/framework/src/Illuminate/View/View.php(178): Illuminate\View\View->getContents().  

   WARN  #25 vendor/laravel/framework/src/Illuminate/View/View.php(147): Illuminate\View\View->renderContents().  

   WARN  #26 storage/framework/views/9ffbb18b5434c05b2ce2f4116a39e1ab73e54eb4.php(17): Illuminate\View\View->render().  

   WARN  #27 vendor/laravel/framework/src/Illuminate/Filesystem/Filesystem.php(109): require('/Users/sanket/D...').  

   WARN  #28 vendor/laravel/framework/src/Illuminate/Filesystem/Filesystem.php(110): Illuminate\Filesystem\Filesystem::Illuminate\Filesystem\{closure}().  

   WARN  #29 vendor/laravel/framework/src/Illuminate/View/Engines/PhpEngine.php(58): Illuminate\Filesystem\Filesystem->getRequire('/Users/sanket/D...', Array).  

   WARN  #30 vendor/laravel/framework/src/Illuminate/View/Engines/CompilerEngine.php(70): Illuminate\View\Engines\PhpEngine->evaluatePath('/Users/sanket/D...', Array).  

   WARN  #31 vendor/laravel/framework/src/Illuminate/View/View.php(195): Illuminate\View\Engines\CompilerEngine->get('/Users/sanket/D...', Array).  

   WARN  #32 vendor/laravel/framework/src/Illuminate/View/View.php(178): Illuminate\View\View->getContents().  

   WARN  #33 vendor/laravel/framework/src/Illuminate/View/View.php(147): Illuminate\View\View->renderContents().  

   WARN  #34 vendor/laravel/framework/src/Illuminate/Http/Response.php(69): Illuminate\View\View->render().  

   WARN  #35 vendor/laravel/framework/src/Illuminate/Http/Response.php(35): Illuminate\Http\Response->setContent(Object(Illuminate\View\View)).  

   WARN  #36 vendor/laravel/framework/src/Illuminate/Routing/ResponseFactory.php(57): Illuminate\Http\Response->__construct(Object(Illuminate\View\View), 500, Array).  

   WARN  #37 vendor/laravel/framework/src/Illuminate/Routing/ResponseFactory.php(87): Illuminate\Routing\ResponseFactory->make(Object(Illuminate\View\View), 500, Array).  

   WARN  #38 vendor/laravel/framework/src/Illuminate/Foundation/Exceptions/Handler.php(626): Illuminate\Routing\ResponseFactory->view('errors::500', Array, 500, Array).  

   WARN  #39 vendor/laravel/framework/src/Illuminate/Foundation/Exceptions/Handler.php(554): Illuminate\Foundation\Exceptions\Handler->renderHttpException(Object(Symfony\Component\HttpKernel\Exception\HttpException)).  

   WARN  #40 vendor/laravel/framework/src/Illuminate/Foundation/Exceptions/Handler.php(460): Illuminate\Foundation\Exceptions\Handler->prepareResponse(Object(Illuminate\Http\Request), Object(Symfony\Component\HttpKernel\Exception\HttpException)).  

   WARN  #41 vendor/laravel/framework/src/Illuminate/Foundation/Exceptions/Handler.php(377): Illuminate\Foundation\Exceptions\Handler->renderExceptionResponse(Object(Illuminate\Http\Request), Object(Symfony\Component\ErrorHandler\Error\FatalError)).  

   WARN  #42 app/Exceptions/Handler.php(53): Illuminate\Foundation\Exceptions\Handler->render(Object(Illuminate\Http\Request), Object(Symfony\Component\ErrorHandler\Error\FatalError)).  

   WARN  #43 vendor/laravel/framework/src/Illuminate/Foundation/Bootstrap/HandleExceptions.php(233): App\Exceptions\Handler->render(Object(Illuminate\Http\Request), Object(Symfony\Component\ErrorHandler\Error\FatalError)).  

   WARN  #44 vendor/laravel/framework/src/Illuminate/Foundation/Bootstrap/HandleExceptions.php(210): Illuminate\Foundation\Bootstrap\HandleExceptions->renderHttpResponse(Object(Symfony\Component\ErrorHandler\Error\FatalError)).  

   WARN  #45 vendor/laravel/framework/src/Illuminate/Foundation/Bootstrap/HandleExceptions.php(246): Illuminate\Foundation\Bootstrap\HandleExceptions->handleException(Object(Symfony\Component\ErrorHandler\Error\FatalError)).  

   WARN  #46 vendor/laravel/framework/src/Illuminate/Foundation/Bootstrap/HandleExceptions.php(270): Illuminate\Foundation\Bootstrap\HandleExceptions->handleShutdown().  

   WARN  #47 [internal function]: Illuminate\Foundation\Bootstrap\HandleExceptions->Illuminate\Foundation\Bootstrap\{closure}().  

   WARN  #48 {main}.  

   WARN  Next Illuminate\Database\QueryException: SQLSTATE[42S22]: Column not found: 1054 Unknown column 'status' in 'where clause' (SQL: select * from `languages` where `status` = 1 and `languages`.`deleted_at` is null) in vendor/laravel/framework/src/Illuminate/Database/Connection.php:760.  

   WARN  Stack trace:  

   WARN  #0 vendor/laravel/framework/src/Illuminate/Database/Connection.php(720): Illuminate\Database\Connection->runQueryCallback('select * from `...', Array, Object(Closure)).  

   WARN  #1 vendor/laravel/framework/src/Illuminate/Database/Connection.php(405): Illuminate\Database\Connection->run('select * from `...', Array, Object(Closure)).  

   WARN  #2 vendor/laravel/framework/src/Illuminate/Database/Query/Builder.php(2705): Illuminate\Database\Connection->select('select * from `...', Array, true).  

   WARN  #3 vendor/laravel/framework/src/Illuminate/Database/Query/Builder.php(2694): Illuminate\Database\Query\Builder->runSelect().  

   WARN  #4 vendor/laravel/framework/src/Illuminate/Database/Query/Builder.php(3230): Illuminate\Database\Query\Builder->Illuminate\Database\Query\{closure}().  

   WARN  #5 vendor/laravel/framework/src/Illuminate/Database/Query/Builder.php(2693): Illuminate\Database\Query\Builder->onceWithColumns(Array, Object(Closure)).  

   WARN  #6 vendor/laravel/framework/src/Illuminate/Database/Eloquent/Builder.php(710): Illuminate\Database\Query\Builder->get(Array).  

   WARN  #7 vendor/laravel/framework/src/Illuminate/Database/Eloquent/Builder.php(694): Illuminate\Database\Eloquent\Builder->getModels(Array).  

   WARN  #8 storage/framework/views/23518080ae7ee854b82ae47f2d950cf26ee2c831.php(44): Illuminate\Database\Eloquent\Builder->get().  

   WARN  #9 vendor/laravel/framework/src/Illuminate/Filesystem/Filesystem.php(109): require('/Users/sanket/D...').  

   WARN  #10 vendor/laravel/framework/src/Illuminate/Filesystem/Filesystem.php(110): Illuminate\Filesystem\Filesystem::Illuminate\Filesystem\{closure}().  

   WARN  #11 vendor/laravel/framework/src/Illuminate/View/Engines/PhpEngine.php(58): Illuminate\Filesystem\Filesystem->getRequire('/Users/sanket/D...', Array).  

   WARN  #12 vendor/laravel/framework/src/Illuminate/View/Engines/CompilerEngine.php(70): Illuminate\View\Engines\PhpEngine->evaluatePath('/Users/sanket/D...', Array).  

   WARN  #13 vendor/laravel/framework/src/Illuminate/View/View.php(195): Illuminate\View\Engines\CompilerEngine->get('/Users/sanket/D...', Array).  

   WARN  #14 vendor/laravel/framework/src/Illuminate/View/View.php(178): Illuminate\View\View->getContents().  

   WARN  #15 vendor/laravel/framework/src/Illuminate/View/View.php(147): Illuminate\View\View->renderContents().  

   WARN  #16 storage/framework/views/81a5e466783f04f6291855a5dd02b6586bebf502.php(175): Illuminate\View\View->render().  

   WARN  #17 vendor/laravel/framework/src/Illuminate/Filesystem/Filesystem.php(109): require('/Users/sanket/D...').  

   WARN  #18 vendor/laravel/framework/src/Illuminate/Filesystem/Filesystem.php(110): Illuminate\Filesystem\Filesystem::Illuminate\Filesystem\{closure}().  

   WARN  #19 vendor/laravel/framework/src/Illuminate/View/Engines/PhpEngine.php(58): Illuminate\Filesystem\Filesystem->getRequire('/Users/sanket/D...', Array).  

   WARN  #20 vendor/laravel/framework/src/Illuminate/View/Engines/CompilerEngine.php(70): Illuminate\View\Engines\PhpEngine->evaluatePath('/Users/sanket/D...', Array).  

   WARN  #21 vendor/laravel/framework/src/Illuminate/View/View.php(195): Illuminate\View\Engines\CompilerEngine->get('/Users/sanket/D...', Array).  

   WARN  #22 vendor/laravel/framework/src/Illuminate/View/View.php(178): Illuminate\View\View->getContents().  

   WARN  #23 vendor/laravel/framework/src/Illuminate/View/View.php(147): Illuminate\View\View->renderContents().  

   WARN  #24 storage/framework/views/9ffbb18b5434c05b2ce2f4116a39e1ab73e54eb4.php(17): Illuminate\View\View->render().  

   WARN  #25 vendor/laravel/framework/src/Illuminate/Filesystem/Filesystem.php(109): require('/Users/sanket/D...').  

   WARN  #26 vendor/laravel/framework/src/Illuminate/Filesystem/Filesystem.php(110): Illuminate\Filesystem\Filesystem::Illuminate\Filesystem\{closure}().  

   WARN  #27 vendor/laravel/framework/src/Illuminate/View/Engines/PhpEngine.php(58): Illuminate\Filesystem\Filesystem->getRequire('/Users/sanket/D...', Array).  

   WARN  #28 vendor/laravel/framework/src/Illuminate/View/Engines/CompilerEngine.php(70): Illuminate\View\Engines\PhpEngine->evaluatePath('/Users/sanket/D...', Array).  

   WARN  #29 vendor/laravel/framework/src/Illuminate/View/View.php(195): Illuminate\View\Engines\CompilerEngine->get('/Users/sanket/D...', Array).  

   WARN  #30 vendor/laravel/framework/src/Illuminate/View/View.php(178): Illuminate\View\View->getContents().  

   WARN  #31 vendor/laravel/framework/src/Illuminate/View/View.php(147): Illuminate\View\View->renderContents().  

   WARN  #32 vendor/laravel/framework/src/Illuminate/Http/Response.php(69): Illuminate\View\View->render().  

   WARN  #33 vendor/laravel/framework/src/Illuminate/Http/Response.php(35): Illuminate\Http\Response->setContent(Object(Illuminate\View\View)).  

   WARN  #34 vendor/laravel/framework/src/Illuminate/Routing/ResponseFactory.php(57): Illuminate\Http\Response->__construct(Object(Illuminate\View\View), 500, Array).  

   WARN  #35 vendor/laravel/framework/src/Illuminate/Routing/ResponseFactory.php(87): Illuminate\Routing\ResponseFactory->make(Object(Illuminate\View\View), 500, Array).  

   WARN  #36 vendor/laravel/framework/src/Illuminate/Foundation/Exceptions/Handler.php(626): Illuminate\Routing\ResponseFactory->view('errors::500', Array, 500, Array).  

   WARN  #37 vendor/laravel/framework/src/Illuminate/Foundation/Exceptions/Handler.php(554): Illuminate\Foundation\Exceptions\Handler->renderHttpException(Object(Symfony\Component\HttpKernel\Exception\HttpException)).  

   WARN  #38 vendor/laravel/framework/src/Illuminate/Foundation/Exceptions/Handler.php(460): Illuminate\Foundation\Exceptions\Handler->prepareResponse(Object(Illuminate\Http\Request), Object(Symfony\Component\HttpKernel\Exception\HttpException)).  

   WARN  #39 vendor/laravel/framework/src/Illuminate/Foundation/Exceptions/Handler.php(377): Illuminate\Foundation\Exceptions\Handler->renderExceptionResponse(Object(Illuminate\Http\Request), Object(Symfony\Component\ErrorHandler\Error\FatalError)).  

   WARN  #40 app/Exceptions/Handler.php(53): Illuminate\Foundation\Exceptions\Handler->render(Object(Illuminate\Http\Request), Object(Symfony\Component\ErrorHandler\Error\FatalError)).  

   WARN  #41 vendor/laravel/framework/src/Illuminate/Foundation/Bootstrap/HandleExceptions.php(233): App\Exceptions\Handler->render(Object(Illuminate\Http\Request), Object(Symfony\Component\ErrorHandler\Error\FatalError)).  

   WARN  #42 vendor/laravel/framework/src/Illuminate/Foundation/Bootstrap/HandleExceptions.php(210): Illuminate\Foundation\Bootstrap\HandleExceptions->renderHttpResponse(Object(Symfony\Component\ErrorHandler\Error\FatalError)).  

   WARN  #43 vendor/laravel/framework/src/Illuminate/Foundation/Bootstrap/HandleExceptions.php(246): Illuminate\Foundation\Bootstrap\HandleExceptions->handleException(Object(Symfony\Component\ErrorHandler\Error\FatalError)).  

   WARN  #44 vendor/laravel/framework/src/Illuminate/Foundation/Bootstrap/HandleExceptions.php(270): Illuminate\Foundation\Bootstrap\HandleExceptions->handleShutdown().  

   WARN  #45 [internal function]: Illuminate\Foundation\Bootstrap\HandleExceptions->Illuminate\Foundation\Bootstrap\{closure}().  

   WARN  #46 {main}.  

   WARN  Next Illuminate\View\ViewException: SQLSTATE[42S22]: Column not found: 1054 Unknown column 'status' in 'where clause' (SQL: select * from `languages` where `status` = 1 and `languages`.`deleted_at` is null) (View: resources/views/frontend/inc/header.blade.php) in vendor/laravel/framework/src/Illuminate/Database/Connection.php:760.  

   WARN  Stack trace:  

   WARN  #0 vendor/laravel/framework/src/Illuminate/View/Engines/PhpEngine.php(60): Illuminate\View\Engines\CompilerEngine->handleViewException(Object(Illuminate\Database\QueryException), 3).  

   WARN  #1 vendor/laravel/framework/src/Illuminate/View/Engines/CompilerEngine.php(70): Illuminate\View\Engines\PhpEngine->evaluatePath('/Users/sanket/D...', Array).  

   WARN  #2 vendor/laravel/framework/src/Illuminate/View/View.php(195): Illuminate\View\Engines\CompilerEngine->get('/Users/sanket/D...', Array).  

   WARN  #3 vendor/laravel/framework/src/Illuminate/View/View.php(178): Illuminate\View\View->getContents().  

   WARN  #4 vendor/laravel/framework/src/Illuminate/View/View.php(147): Illuminate\View\View->renderContents().  

   WARN  #5 storage/framework/views/81a5e466783f04f6291855a5dd02b6586bebf502.php(175): Illuminate\View\View->render().  

   WARN  #6 vendor/laravel/framework/src/Illuminate/Filesystem/Filesystem.php(109): require('/Users/sanket/D...').  

   WARN  #7 vendor/laravel/framework/src/Illuminate/Filesystem/Filesystem.php(110): Illuminate\Filesystem\Filesystem::Illuminate\Filesystem\{closure}().  

   WARN  #8 vendor/laravel/framework/src/Illuminate/View/Engines/PhpEngine.php(58): Illuminate\Filesystem\Filesystem->getRequire('/Users/sanket/D...', Array).  

   WARN  #9 vendor/laravel/framework/src/Illuminate/View/Engines/CompilerEngine.php(70): Illuminate\View\Engines\PhpEngine->evaluatePath('/Users/sanket/D...', Array).  

   WARN  #10 vendor/laravel/framework/src/Illuminate/View/View.php(195): Illuminate\View\Engines\CompilerEngine->get('/Users/sanket/D...', Array).  

   WARN  #11 vendor/laravel/framework/src/Illuminate/View/View.php(178): Illuminate\View\View->getContents().  

   WARN  #12 vendor/laravel/framework/src/Illuminate/View/View.php(147): Illuminate\View\View->renderContents().  

   WARN  #13 storage/framework/views/9ffbb18b5434c05b2ce2f4116a39e1ab73e54eb4.php(17): Illuminate\View\View->render().  

   WARN  #14 vendor/laravel/framework/src/Illuminate/Filesystem/Filesystem.php(109): require('/Users/sanket/D...').  

   WARN  #15 vendor/laravel/framework/src/Illuminate/Filesystem/Filesystem.php(110): Illuminate\Filesystem\Filesystem::Illuminate\Filesystem\{closure}().  

   WARN  #16 vendor/laravel/framework/src/Illuminate/View/Engines/PhpEngine.php(58): Illuminate\Filesystem\Filesystem->getRequire('/Users/sanket/D...', Array).  

   WARN  #17 vendor/laravel/framework/src/Illuminate/View/Engines/CompilerEngine.php(70): Illuminate\View\Engines\PhpEngine->evaluatePath('/Users/sanket/D...', Array).  

   WARN  #18 vendor/laravel/framework/src/Illuminate/View/View.php(195): Illuminate\View\Engines\CompilerEngine->get('/Users/sanket/D...', Array).  

   WARN  #19 vendor/laravel/framework/src/Illuminate/View/View.php(178): Illuminate\View\View->getContents().  

   WARN  #20 vendor/laravel/framework/src/Illuminate/View/View.php(147): Illuminate\View\View->renderContents().  

   WARN  #21 vendor/laravel/framework/src/Illuminate/Http/Response.php(69): Illuminate\View\View->render().  

   WARN  #22 vendor/laravel/framework/src/Illuminate/Http/Response.php(35): Illuminate\Http\Response->setContent(Object(Illuminate\View\View)).  

   WARN  #23 vendor/laravel/framework/src/Illuminate/Routing/ResponseFactory.php(57): Illuminate\Http\Response->__construct(Object(Illuminate\View\View), 500, Array).  

   WARN  #24 vendor/laravel/framework/src/Illuminate/Routing/ResponseFactory.php(87): Illuminate\Routing\ResponseFactory->make(Object(Illuminate\View\View), 500, Array).  

   WARN  #25 vendor/laravel/framework/src/Illuminate/Foundation/Exceptions/Handler.php(626): Illuminate\Routing\ResponseFactory->view('errors::500', Array, 500, Array).  

   WARN  #26 vendor/laravel/framework/src/Illuminate/Foundation/Exceptions/Handler.php(554): Illuminate\Foundation\Exceptions\Handler->renderHttpException(Object(Symfony\Component\HttpKernel\Exception\HttpException)).  

   WARN  #27 vendor/laravel/framework/src/Illuminate/Foundation/Exceptions/Handler.php(460): Illuminate\Foundation\Exceptions\Handler->prepareResponse(Object(Illuminate\Http\Request), Object(Symfony\Component\HttpKernel\Exception\HttpException)).  

   WARN  #28 vendor/laravel/framework/src/Illuminate/Foundation/Exceptions/Handler.php(377): Illuminate\Foundation\Exceptions\Handler->renderExceptionResponse(Object(Illuminate\Http\Request), Object(Symfony\Component\ErrorHandler\Error\FatalError)).  

   WARN  #29 app/Exceptions/Handler.php(53): Illuminate\Foundation\Exceptions\Handler->render(Object(Illuminate\Http\Request), Object(Symfony\Component\ErrorHandler\Error\FatalError)).  

   WARN  #30 vendor/laravel/framework/src/Illuminate/Foundation/Bootstrap/HandleExceptions.php(233): App\Exceptions\Handler->render(Object(Illuminate\Http\Request), Object(Symfony\Component\ErrorHandler\Error\FatalError)).  

   WARN  #31 vendor/laravel/framework/src/Illuminate/Foundation/Bootstrap/HandleExceptions.php(210): Illuminate\Foundation\Bootstrap\HandleExceptions->renderHttpResponse(Object(Symfony\Component\ErrorHandler\Error\FatalError)).  

   WARN  #32 vendor/laravel/framework/src/Illuminate/Foundation/Bootstrap/HandleExceptions.php(246): Illuminate\Foundation\Bootstrap\HandleExceptions->handleException(Object(Symfony\Component\ErrorHandler\Error\FatalError)).  

   WARN  #33 vendor/laravel/framework/src/Illuminate/Foundation/Bootstrap/HandleExceptions.php(270): Illuminate\Foundation\Bootstrap\HandleExceptions->handleShutdown().  

   WARN  #34 [internal function]: Illuminate\Foundation\Bootstrap\HandleExceptions->Illuminate\Foundation\Bootstrap\{closure}().  

   WARN  #35 {main}.  

   WARN  Next Illuminate\View\ViewException: SQLSTATE[42S22]: Column not found: 1054 Unknown column 'status' in 'where clause' (SQL: select * from `languages` where `status` = 1 and `languages`.`deleted_at` is null) (View: resources/views/frontend/inc/header.blade.php) (View: resources/views/frontend/inc/header.blade.php) in vendor/laravel/framework/src/Illuminate/Database/Connection.php:760.  

   WARN  Stack trace:  

   WARN  #0 vendor/laravel/framework/src/Illuminate/View/Engines/PhpEngine.php(60): Illuminate\View\Engines\CompilerEngine->handleViewException(Object(Illuminate\View\ViewException), 2).  

   WARN  #1 vendor/laravel/framework/src/Illuminate/View/Engines/CompilerEngine.php(70): Illuminate\View\Engines\PhpEngine->evaluatePath('/Users/sanket/D...', Array).  

   WARN  #2 vendor/laravel/framework/src/Illuminate/View/View.php(195): Illuminate\View\Engines\CompilerEngine->get('/Users/sanket/D...', Array).  

   WARN  #3 vendor/laravel/framework/src/Illuminate/View/View.php(178): Illuminate\View\View->getContents().  

   WARN  #4 vendor/laravel/framework/src/Illuminate/View/View.php(147): Illuminate\View\View->renderContents().  

   WARN  #5 storage/framework/views/9ffbb18b5434c05b2ce2f4116a39e1ab73e54eb4.php(17): Illuminate\View\View->render().  

   WARN  #6 vendor/laravel/framework/src/Illuminate/Filesystem/Filesystem.php(109): require('/Users/sanket/D...').  

   WARN  #7 vendor/laravel/framework/src/Illuminate/Filesystem/Filesystem.php(110): Illuminate\Filesystem\Filesystem::Illuminate\Filesystem\{closure}().  

   WARN  #8 vendor/laravel/framework/src/Illuminate/View/Engines/PhpEngine.php(58): Illuminate\Filesystem\Filesystem->getRequire('/Users/sanket/D...', Array).  

   WARN  #9 vendor/laravel/framework/src/Illuminate/View/Engines/CompilerEngine.php(70): Illuminate\View\Engines\PhpEngine->evaluatePath('/Users/sanket/D...', Array).  

   WARN  #10 vendor/laravel/framework/src/Illuminate/View/View.php(195): Illuminate\View\Engines\CompilerEngine->get('/Users/sanket/D...', Array).  

   WARN  #11 vendor/laravel/framework/src/Illuminate/View/View.php(178): Illuminate\View\View->getContents().  

   WARN  #12 vendor/laravel/framework/src/Illuminate/View/View.php(147): Illuminate\View\View->renderContents().  

   WARN  #13 vendor/laravel/framework/src/Illuminate/Http/Response.php(69): Illuminate\View\View->render().  

   WARN  #14 vendor/laravel/framework/src/Illuminate/Http/Response.php(35): Illuminate\Http\Response->setContent(Object(Illuminate\View\View)).  

   WARN  #15 vendor/laravel/framework/src/Illuminate/Routing/ResponseFactory.php(57): Illuminate\Http\Response->__construct(Object(Illuminate\View\View), 500, Array).  

   WARN  #16 vendor/laravel/framework/src/Illuminate/Routing/ResponseFactory.php(87): Illuminate\Routing\ResponseFactory->make(Object(Illuminate\View\View), 500, Array).  

   WARN  #17 vendor/laravel/framework/src/Illuminate/Foundation/Exceptions/Handler.php(626): Illuminate\Routing\ResponseFactory->view('errors::500', Array, 500, Array).  

   WARN  #18 vendor/laravel/framework/src/Illuminate/Foundation/Exceptions/Handler.php(554): Illuminate\Foundation\Exceptions\Handler->renderHttpException(Object(Symfony\Component\HttpKernel\Exception\HttpException)).  

   WARN  #19 vendor/laravel/framework/src/Illuminate/Foundation/Exceptions/Handler.php(460): Illuminate\Foundation\Exceptions\Handler->prepareResponse(Object(Illuminate\Http\Request), Object(Symfony\Component\HttpKernel\Exception\HttpException)).  

   WARN  #20 vendor/laravel/framework/src/Illuminate/Foundation/Exceptions/Handler.php(377): Illuminate\Foundation\Exceptions\Handler->renderExceptionResponse(Object(Illuminate\Http\Request), Object(Symfony\Component\ErrorHandler\Error\FatalError)).  

   WARN  #21 app/Exceptions/Handler.php(53): Illuminate\Foundation\Exceptions\Handler->render(Object(Illuminate\Http\Request), Object(Symfony\Component\ErrorHandler\Error\FatalError)).  

   WARN  #22 vendor/laravel/framework/src/Illuminate/Foundation/Bootstrap/HandleExceptions.php(233): App\Exceptions\Handler->render(Object(Illuminate\Http\Request), Object(Symfony\Component\ErrorHandler\Error\FatalError)).  

   WARN  #23 vendor/laravel/framework/src/Illuminate/Foundation/Bootstrap/HandleExceptions.php(210): Illuminate\Foundation\Bootstrap\HandleExceptions->renderHttpResponse(Object(Symfony\Component\ErrorHandler\Error\FatalError)).  

   WARN  #24 vendor/laravel/framework/src/Illuminate/Foundation/Bootstrap/HandleExceptions.php(246): Illuminate\Foundation\Bootstrap\HandleExceptions->handleException(Object(Symfony\Component\ErrorHandler\Error\FatalError)).  

   WARN  #25 vendor/laravel/framework/src/Illuminate/Foundation/Bootstrap/HandleExceptions.php(270): Illuminate\Foundation\Bootstrap\HandleExceptions->handleShutdown().  

   WARN  #26 [internal function]: Illuminate\Foundation\Bootstrap\HandleExceptions->Illuminate\Foundation\Bootstrap\{closure}().  

   WARN  #27 {main}.  

   WARN  Next Illuminate\View\ViewException: SQLSTATE[42S22]: Column not found: 1054 Unknown column 'status' in 'where clause' (SQL: select * from `languages` where `status` = 1 and `languages`.`deleted_at` is null) (View: resources/views/frontend/inc/header.blade.php) (View: resources/views/frontend/inc/header.blade.php) (View: resources/views/frontend/inc/header.blade.php) in vendor/laravel/framework/src/Illuminate/Database/Connection.php:760.  

   WARN  Stack trace:  

   WARN  #0 vendor/laravel/framework/src/Illuminate/View/Engines/PhpEngine.php(60): Illuminate\View\Engines\CompilerEngine->handleViewException(Object(Illuminate\View\ViewException), 1).  

   WARN  #1 vendor/laravel/framework/src/Illuminate/View/Engines/CompilerEngine.php(70): Illuminate\View\Engines\PhpEngine->evaluatePath('/Users/sanket/D...', Array).  

   WARN  #2 vendor/laravel/framework/src/Illuminate/View/View.php(195): Illuminate\View\Engines\CompilerEngine->get('/Users/sanket/D...', Array).  

   WARN  #3 vendor/laravel/framework/src/Illuminate/View/View.php(178): Illuminate\View\View->getContents().  

   WARN  #4 vendor/laravel/framework/src/Illuminate/View/View.php(147): Illuminate\View\View->renderContents().  

   WARN  #5 vendor/laravel/framework/src/Illuminate/Http/Response.php(69): Illuminate\View\View->render().  

   WARN  #6 vendor/laravel/framework/src/Illuminate/Http/Response.php(35): Illuminate\Http\Response->setContent(Object(Illuminate\View\View)).  

   WARN  #7 vendor/laravel/framework/src/Illuminate/Routing/ResponseFactory.php(57): Illuminate\Http\Response->__construct(Object(Illuminate\View\View), 500, Array).  

   WARN  #8 vendor/laravel/framework/src/Illuminate/Routing/ResponseFactory.php(87): Illuminate\Routing\ResponseFactory->make(Object(Illuminate\View\View), 500, Array).  

   WARN  #9 vendor/laravel/framework/src/Illuminate/Foundation/Exceptions/Handler.php(626): Illuminate\Routing\ResponseFactory->view('errors::500', Array, 500, Array).  

   WARN  #10 vendor/laravel/framework/src/Illuminate/Foundation/Exceptions/Handler.php(554): Illuminate\Foundation\Exceptions\Handler->renderHttpException(Object(Symfony\Component\HttpKernel\Exception\HttpException)).  

   WARN  #11 vendor/laravel/framework/src/Illuminate/Foundation/Exceptions/Handler.php(460): Illuminate\Foundation\Exceptions\Handler->prepareResponse(Object(Illuminate\Http\Request), Object(Symfony\Component\HttpKernel\Exception\HttpException)).  

   WARN  #12 vendor/laravel/framework/src/Illuminate/Foundation/Exceptions/Handler.php(377): Illuminate\Foundation\Exceptions\Handler->renderExceptionResponse(Object(Illuminate\Http\Request), Object(Symfony\Component\ErrorHandler\Error\FatalError)).  

   WARN  #13 app/Exceptions/Handler.php(53): Illuminate\Foundation\Exceptions\Handler->render(Object(Illuminate\Http\Request), Object(Symfony\Component\ErrorHandler\Error\FatalError)).  

   WARN  #14 vendor/laravel/framework/src/Illuminate/Foundation/Bootstrap/HandleExceptions.php(233): App\Exceptions\Handler->render(Object(Illuminate\Http\Request), Object(Symfony\Component\ErrorHandler\Error\FatalError)).  

   WARN  #15 vendor/laravel/framework/src/Illuminate/Foundation/Bootstrap/HandleExceptions.php(210): Illuminate\Foundation\Bootstrap\HandleExceptions->renderHttpResponse(Object(Symfony\Component\ErrorHandler\Error\FatalError)).  

   WARN  #16 vendor/laravel/framework/src/Il.  

   WARN  luminate/Foundation/Bootstrap/HandleExceptions.php(246): Illuminate\Foundation\Bootstrap\HandleExceptions->handleException(Object(Symfony\Component\ErrorHandler\Error\FatalError)).  

   WARN  #17 vendor/laravel/framework/src/Illuminate/Foundation/Bootstrap/HandleExceptions.php(270): Illuminate\Foundation\Bootstrap\HandleExceptions->handleShutdown().  

   WARN  #18 [internal function]: Illuminate\Foundation\Bootstrap\HandleExceptions->Illuminate\Foundation\Bootstrap\{closure}().  

   WARN  #19 {main}.  

   WARN  thrown in vendor/laravel/framework/src/Illuminate/Database/Connection.php on line 760.  

  2026-02-20 22:17:43 ................................ ~ 2s
   WARN  PHP Fatal error: Uncaught PDOException: SQLSTATE[42S22]: Column not found: 1054 Unknown column 'status' in 'where clause' in vendor/laravel/framework/src/Illuminate/Database/Connection.php:414.  

   WARN  Stack trace:  

   WARN  #0 vendor/laravel/framework/src/Illuminate/Database/Connection.php(414): PDO->prepare('select * from `...').  

   WARN  #1 vendor/laravel/framework/src/Illuminate/Database/Connection.php(753): Illuminate\Database\Connection->Illuminate\Database\{closure}('select * from `...', Array).  

   WARN  #2 vendor/laravel/framework/src/Illuminate/Database/Connection.php(720): Illuminate\Database\Connection->runQueryCallback('select * from `...', Array, Object(Closure)).  

   WARN  #3 vendor/laravel/framework/src/Illuminate/Database/Connection.php(405): Illuminate\Database\Connection->run('select * from `...', Array, Object(Closure)).  

   WARN  #4 vendor/laravel/framework/src/Illuminate/Database/Query/Builder.php(2705): Illuminate\Database\Connection->select('select * from `...', Array, true).  

   WARN  #5 vendor/laravel/framework/src/Illuminate/Database/Query/Builder.php(2694): Illuminate\Database\Query\Builder->runSelect().  

   WARN  #6 vendor/laravel/framework/src/Illuminate/Database/Query/Builder.php(3230): Illuminate\Database\Query\Builder->Illuminate\Database\Query\{closure}().  

   WARN  #7 vendor/laravel/framework/src/Illuminate/Database/Query/Builder.php(2693): Illuminate\Database\Query\Builder->onceWithColumns(Array, Object(Closure)).  

   WARN  #8 vendor/laravel/framework/src/Illuminate/Database/Eloquent/Builder.php(710): Illuminate\Database\Query\Builder->get(Array).  

   WARN  #9 vendor/laravel/framework/src/Illuminate/Database/Eloquent/Builder.php(694): Illuminate\Database\Eloquent\Builder->getModels(Array).  

   WARN  #10 storage/framework/views/23518080ae7ee854b82ae47f2d950cf26ee2c831.php(44): Illuminate\Database\Eloquent\Builder->get().  

   WARN  #11 vendor/laravel/framework/src/Illuminate/Filesystem/Filesystem.php(109): require('/Users/sanket/D...').  

   WARN  #12 vendor/laravel/framework/src/Illuminate/Filesystem/Filesystem.php(110): Illuminate\Filesystem\Filesystem::Illuminate\Filesystem\{closure}().  

   WARN  #13 vendor/laravel/framework/src/Illuminate/View/Engines/PhpEngine.php(58): Illuminate\Filesystem\Filesystem->getRequire('/Users/sanket/D...', Array).  

   WARN  #14 vendor/laravel/framework/src/Illuminate/View/Engines/CompilerEngine.php(70): Illuminate\View\Engines\PhpEngine->evaluatePath('/Users/sanket/D...', Array).  

   WARN  #15 vendor/laravel/framework/src/Illuminate/View/View.php(195): Illuminate\View\Engines\CompilerEngine->get('/Users/sanket/D...', Array).  

   WARN  #16 vendor/laravel/framework/src/Illuminate/View/View.php(178): Illuminate\View\View->getContents().  

   WARN  #17 vendor/laravel/framework/src/Illuminate/View/View.php(147): Illuminate\View\View->renderContents().  

   WARN  #18 storage/framework/views/81a5e466783f04f6291855a5dd02b6586bebf502.php(175): Illuminate\View\View->render().  

   WARN  #19 vendor/laravel/framework/src/Illuminate/Filesystem/Filesystem.php(109): require('/Users/sanket/D...').  

   WARN  #20 vendor/laravel/framework/src/Illuminate/Filesystem/Filesystem.php(110): Illuminate\Filesystem\Filesystem::Illuminate\Filesystem\{closure}().  

   WARN  #21 vendor/laravel/framework/src/Illuminate/View/Engines/PhpEngine.php(58): Illuminate\Filesystem\Filesystem->getRequire('/Users/sanket/D...', Array).  

   WARN  #22 vendor/laravel/framework/src/Illuminate/View/Engines/CompilerEngine.php(70): Illuminate\View\Engines\PhpEngine->evaluatePath('/Users/sanket/D...', Array).  

   WARN  #23 vendor/laravel/framework/src/Illuminate/View/View.php(195): Illuminate\View\Engines\CompilerEngine->get('/Users/sanket/D...', Array).  

   WARN  #24 vendor/laravel/framework/src/Illuminate/View/View.php(178): Illuminate\View\View->getContents().  

   WARN  #25 vendor/laravel/framework/src/Illuminate/View/View.php(147): Illuminate\View\View->renderContents().  

   WARN  #26 storage/framework/views/9ffbb18b5434c05b2ce2f4116a39e1ab73e54eb4.php(17): Illuminate\View\View->render().  

   WARN  #27 vendor/laravel/framework/src/Illuminate/Filesystem/Filesystem.php(109): require('/Users/sanket/D...').  

   WARN  #28 vendor/laravel/framework/src/Illuminate/Filesystem/Filesystem.php(110): Illuminate\Filesystem\Filesystem::Illuminate\Filesystem\{closure}().  

   WARN  #29 vendor/laravel/framework/src/Illuminate/View/Engines/PhpEngine.php(58): Illuminate\Filesystem\Filesystem->getRequire('/Users/sanket/D...', Array).  

   WARN  #30 vendor/laravel/framework/src/Illuminate/View/Engines/CompilerEngine.php(70): Illuminate\View\Engines\PhpEngine->evaluatePath('/Users/sanket/D...', Array).  

   WARN  #31 vendor/laravel/framework/src/Illuminate/View/View.php(195): Illuminate\View\Engines\CompilerEngine->get('/Users/sanket/D...', Array).  

   WARN  #32 vendor/laravel/framework/src/Illuminate/View/View.php(178): Illuminate\View\View->getContents().  

   WARN  #33 vendor/laravel/framework/src/Illuminate/View/View.php(147): Illuminate\View\View->renderContents().  

   WARN  #34 vendor/laravel/framework/src/Illuminate/Http/Response.php(69): Illuminate\View\View->render().  

   WARN  #35 vendor/laravel/framework/src/Illuminate/Http/Response.php(35): Illuminate\Http\Response->setContent(Object(Illuminate\View\View)).  

   WARN  #36 vendor/laravel/framework/src/Illuminate/Routing/ResponseFactory.php(57): Illuminate\Http\Response->__construct(Object(Illuminate\View\View), 500, Array).  

   WARN  #37 vendor/laravel/framework/src/Illuminate/Routing/ResponseFactory.php(87): Illuminate\Routing\ResponseFactory->make(Object(Illuminate\View\View), 500, Array).  

   WARN  #38 vendor/laravel/framework/src/Illuminate/Foundation/Exceptions/Handler.php(626): Illuminate\Routing\ResponseFactory->view('errors::500', Array, 500, Array).  

   WARN  #39 vendor/laravel/framework/src/Illuminate/Foundation/Exceptions/Handler.php(554): Illuminate\Foundation\Exceptions\Handler->renderHttpException(Object(Symfony\Component\HttpKernel\Exception\HttpException)).  

   WARN  #40 vendor/laravel/framework/src/Illuminate/Foundation/Exceptions/Handler.php(460): Illuminate\Foundation\Exceptions\Handler->prepareResponse(Object(Illuminate\Http\Request), Object(Symfony\Component\HttpKernel\Exception\HttpException)).  

   WARN  #41 vendor/laravel/framework/src/Illuminate/Foundation/Exceptions/Handler.php(377): Illuminate\Foundation\Exceptions\Handler->renderExceptionResponse(Object(Illuminate\Http\Request), Object(Spatie\LaravelIgnition\Exceptions\ViewException)).  

   WARN  #42 app/Exceptions/Handler.php(53): Illuminate\Foundation\Exceptions\Handler->render(Object(Illuminate\Http\Request), Object(Spatie\LaravelIgnition\Exceptions\ViewException)).  

   WARN  #43 vendor/laravel/framework/src/Illuminate/Foundation/Bootstrap/HandleExceptions.php(233): App\Exceptions\Handler->render(Object(Illuminate\Http\Request), Object(Illuminate\View\ViewException)).  

   WARN  #44 vendor/laravel/framework/src/Illuminate/Foundation/Bootstrap/HandleExceptions.php(210): Illuminate\Foundation\Bootstrap\HandleExceptions->renderHttpResponse(Object(Illuminate\View\ViewException)).  

   WARN  #45 vendor/laravel/framework/src/Illuminate/Foundation/Bootstrap/HandleExceptions.php(270): Illuminate\Foundation\Bootstrap\HandleExceptions->handleException(Object(Illuminate\View\ViewException)).  

   WARN  #46 [internal function]: Illuminate\Foundation\Bootstrap\HandleExceptions->Illuminate\Foundation\Bootstrap\{closure}(Object(Illuminate\View\ViewException)).  

   WARN  #47 {main}.  

   WARN  Next Illuminate\Database\QueryException: SQLSTATE[42S22]: Column not found: 1054 Unknown column 'status' in 'where clause' (SQL: select * from `languages` where `status` = 1 and `languages`.`deleted_at` is null) in vendor/laravel/framework/src/Illuminate/Database/Connection.php:760.  

   WARN  Stack trace:  

   WARN  #0 vendor/laravel/framework/src/Illuminate/Database/Connection.php(720): Illuminate\Database\Connection->runQueryCallback('select * from `...', Array, Object(Closure)).  

   WARN  #1 vendor/laravel/framework/src/Illuminate/Database/Connection.php(405): Illuminate\Database\Connection->run('select * from `...', Array, Object(Closure)).  

   WARN  #2 vendor/laravel/framework/src/Illuminate/Database/Query/Builder.php(2705): Illuminate\Database\Connection->select('select * from `...', Array, true).  

   WARN  #3 vendor/laravel/framework/src/Illuminate/Database/Query/Builder.php(2694): Illuminate\Database\Query\Builder->runSelect().  

   WARN  #4 vendor/laravel/framework/src/Illuminate/Database/Query/Builder.php(3230): Illuminate\Database\Query\Builder->Illuminate\Database\Query\{closure}().  

   WARN  #5 vendor/laravel/framework/src/Illuminate/Database/Query/Builder.php(2693): Illuminate\Database\Query\Builder->onceWithColumns(Array, Object(Closure)).  

   WARN  #6 vendor/laravel/framework/src/Illuminate/Database/Eloquent/Builder.php(710): Illuminate\Database\Query\Builder->get(Array).  

   WARN  #7 vendor/laravel/framework/src/Illuminate/Database/Eloquent/Builder.php(694): Illuminate\Database\Eloquent\Builder->getModels(Array).  

   WARN  #8 storage/framework/views/23518080ae7ee854b82ae47f2d950cf26ee2c831.php(44): Illuminate\Database\Eloquent\Builder->get().  

   WARN  #9 vendor/laravel/framework/src/Illuminate/Filesystem/Filesystem.php(109): require('/Users/sanket/D...').  

   WARN  #10 vendor/laravel/framework/src/Illuminate/Filesystem/Filesystem.php(110): Illuminate\Filesystem\Filesystem::Illuminate\Filesystem\{closure}().  

   WARN  #11 vendor/laravel/framework/src/Illuminate/View/Engines/PhpEngine.php(58): Illuminate\Filesystem\Filesystem->getRequire('/Users/sanket/D...', Array).  

   WARN  #12 vendor/laravel/framework/src/Illuminate/View/Engines/CompilerEngine.php(70): Illuminate\View\Engines\PhpEngine->evaluatePath('/Users/sanket/D...', Array).  

   WARN  #13 vendor/laravel/framework/src/Illuminate/View/View.php(195): Illuminate\View\Engines\CompilerEngine->get('/Users/sanket/D...', Array).  

   WARN  #14 vendor/laravel/framework/src/Illuminate/View/View.php(178): Illuminate\View\View->getContents().  

   WARN  #15 vendor/laravel/framework/src/Illuminate/View/View.php(147): Illuminate\View\View->renderContents().  

   WARN  #16 storage/framework/views/81a5e466783f04f6291855a5dd02b6586bebf502.php(175): Illuminate\View\View->render().  

   WARN  #17 vendor/laravel/framework/src/Illuminate/Filesystem/Filesystem.php(109): require('/Users/sanket/D...').  

   WARN  #18 vendor/laravel/framework/src/Illuminate/Filesystem/Filesystem.php(110): Illuminate\Filesystem\Filesystem::Illuminate\Filesystem\{closure}().  

   WARN  #19 vendor/laravel/framework/src/Illuminate/View/Engines/PhpEngine.php(58): Illuminate\Filesystem\Filesystem->getRequire('/Users/sanket/D...', Array).  

   WARN  #20 vendor/laravel/framework/src/Illuminate/View/Engines/CompilerEngine.php(70): Illuminate\View\Engines\PhpEngine->evaluatePath('/Users/sanket/D...', Array).  

   WARN  #21 vendor/laravel/framework/src/Illuminate/View/View.php(195): Illuminate\View\Engines\CompilerEngine->get('/Users/sanket/D...', Array).  

   WARN  #22 vendor/laravel/framework/src/Illuminate/View/View.php(178): Illuminate\View\View->getContents().  

   WARN  #23 vendor/laravel/framework/src/Illuminate/View/View.php(147): Illuminate\View\View->renderContents().  

   WARN  #24 storage/framework/views/9ffbb18b5434c05b2ce2f4116a39e1ab73e54eb4.php(17): Illuminate\View\View->render().  

   WARN  #25 vendor/laravel/framework/src/Illuminate/Filesystem/Filesystem.php(109): require('/Users/sanket/D...').  

   WARN  #26 vendor/laravel/framework/src/Illuminate/Filesystem/Filesystem.php(110): Illuminate\Filesystem\Filesystem::Illuminate\Filesystem\{closure}().  

   WARN  #27 vendor/laravel/framework/src/Illuminate/View/Engines/PhpEngine.php(58): Illuminate\Filesystem\Filesystem->getRequire('/Users/sanket/D...', Array).  

   WARN  #28 vendor/laravel/framework/src/Illuminate/View/Engines/CompilerEngine.php(70): Illuminate\View\Engines\PhpEngine->evaluatePath('/Users/sanket/D...', Array).  

   WARN  #29 vendor/laravel/framework/src/Illuminate/View/View.php(195): Illuminate\View\Engines\CompilerEngine->get('/Users/sanket/D...', Array).  

   WARN  #30 vendor/laravel/framework/src/Illuminate/View/View.php(178): Illuminate\View\View->getContents().  

   WARN  #31 vendor/laravel/framework/src/Illuminate/View/View.php(147): Illuminate\View\View->renderContents().  

   WARN  #32 vendor/laravel/framework/src/Illuminate/Http/Response.php(69): Illuminate\View\View->render().  

   WARN  #33 vendor/laravel/framework/src/Illuminate/Http/Response.php(35): Illuminate\Http\Response->setContent(Object(Illuminate\View\View)).  

   WARN  #34 vendor/laravel/framework/src/Illuminate/Routing/ResponseFactory.php(57): Illuminate\Http\Response->__construct(Object(Illuminate\View\View), 500, Array).  

   WARN  #35 vendor/laravel/framework/src/Illuminate/Routing/ResponseFactory.php(87): Illuminate\Routing\ResponseFactory->make(Object(Illuminate\View\View), 500, Array).  

   WARN  #36 vendor/laravel/framework/src/Illuminate/Foundation/Exceptions/Handler.php(626): Illuminate\Routing\ResponseFactory->view('errors::500', Array, 500, Array).  

   WARN  #37 vendor/laravel/framework/src/Illuminate/Foundation/Exceptions/Handler.php(554): Illuminate\Foundation\Exceptions\Handler->renderHttpException(Object(Symfony\Component\HttpKernel\Exception\HttpException)).  

   WARN  #38 vendor/laravel/framework/src/Illuminate/Foundation/Exceptions/Handler.php(460): Illuminate\Foundation\Exceptions\Handler->prepareResponse(Object(Illuminate\Http\Request), Object(Symfony\Component\HttpKernel\Exception\HttpException)).  

   WARN  #39 vendor/laravel/framework/src/Illuminate/Foundation/Exceptions/Handler.php(377): Illuminate\Foundation\Exceptions\Handler->renderExceptionResponse(Object(Illuminate\Http\Request), Object(Spatie\LaravelIgnition\Exceptions\ViewException)).  

   WARN  #40 app/Exceptions/Handler.php(53): Illuminate\Foundation\Exceptions\Handler->render(Object(Illuminate\Http\Request), Object(Spatie\LaravelIgnition\Exceptions\ViewException)).  

   WARN  #41 vendor/laravel/framework/src/Illuminate/Foundation/Bootstrap/HandleExceptions.php(233): App\Exceptions\Handler->render(Object(Illuminate\Http\Request), Object(Illuminate\View\ViewException)).  

   WARN  #42 vendor/laravel/framework/src/Illuminate/Foundation/Bootstrap/HandleExceptions.php(210): Illuminate\Foundation\Bootstrap\HandleExceptions->renderHttpResponse(Object(Illuminate\View\ViewException)).  

   WARN  #43 vendor/laravel/framework/src/Illuminate/Foundation/Bootstrap/HandleExceptions.php(270): Illuminate\Foundation\Bootstrap\HandleExceptions->handleException(Object(Illuminate\View\ViewException)).  

   WARN  #44 [internal function]: Illuminate\Foundation\Bootstrap\HandleExceptions->Illuminate\Foundation\Bootstrap\{closure}(Object(Illuminate\View\ViewException)).  

   WARN  #45 {main}.  

   WARN  Next Illuminate\View\ViewException: SQLSTATE[42S22]: Column not found: 1054 Unknown column 'status' in 'where clause' (SQL: select * from `languages` where `status` = 1 and `languages`.`deleted_at` is null) (View: resources/views/frontend/inc/header.blade.php) in vendor/laravel/framework/src/Illuminate/Database/Connection.php:760.  

   WARN  Stack trace:  

   WARN  #0 vendor/laravel/framework/src/Illuminate/View/Engines/PhpEngine.php(60): Illuminate\View\Engines\CompilerEngine->handleViewException(Object(Illuminate\Database\QueryException), 3).  

   WARN  #1 vendor/laravel/framework/src/Illuminate/View/Engines/CompilerEngine.php(70): Illuminate\View\Engines\PhpEngine->evaluatePath('/Users/sanket/D...', Array).  

   WARN  #2 vendor/laravel/framework/src/Illuminate/View/View.php(195): Illuminate\View\Engines\CompilerEngine->get('/Users/sanket/D...', Array).  

   WARN  #3 vendor/laravel/framework/src/Illuminate/View/View.php(178): Illuminate\View\View->getContents().  

   WARN  #4 vendor/laravel/framework/src/Illuminate/View/View.php(147): Illuminate\View\View->renderContents().  

   WARN  #5 storage/framework/views/81a5e466783f04f6291855a5dd02b6586bebf502.php(175): Illuminate\View\View->render().  

   WARN  #6 vendor/laravel/framework/src/Illuminate/Filesystem/Filesystem.php(109): require('/Users/sanket/D...').  

   WARN  #7 vendor/laravel/framework/src/Illuminate/Filesystem/Filesystem.php(110): Illuminate\Filesystem\Filesystem::Illuminate\Filesystem\{closure}().  

   WARN  #8 vendor/laravel/framework/src/Illuminate/View/Engines/PhpEngine.php(58): Illuminate\Filesystem\Filesystem->getRequire('/Users/sanket/D...', Array).  

   WARN  #9 vendor/laravel/framework/src/Illuminate/View/Engines/CompilerEngine.php(70): Illuminate\View\Engines\PhpEngine->evaluatePath('/Users/sanket/D...', Array).  

   WARN  #10 vendor/laravel/framework/src/Illuminate/View/View.php(195): Illuminate\View\Engines\CompilerEngine->get('/Users/sanket/D...', Array).  

   WARN  #11 vendor/laravel/framework/src/Illuminate/View/View.php(178): Illuminate\View\View->getContents().  

   WARN  #12 vendor/laravel/framework/src/Illuminate/View/View.php(147): Illuminate\View\View->renderContents().  

   WARN  #13 storage/framework/views/9ffbb18b5434c05b2ce2f4116a39e1ab73e54eb4.php(17): Illuminate\View\View->render().  

   WARN  #14 vendor/laravel/framework/src/Illuminate/Filesystem/Filesystem.php(109): require('/Users/sanket/D...').  

   WARN  #15 vendor/laravel/framework/src/Illuminate/Filesystem/Filesystem.php(110): Illuminate\Filesystem\Filesystem::Illuminate\Filesystem\{closure}().  

   WARN  #16 vendor/laravel/framework/src/Illuminate/View/Engines/PhpEngine.php(58): Illuminate\Filesystem\Filesystem->getRequire('/Users/sanket/D...', Array).  

   WARN  #17 vendor/laravel/framework/src/Illuminate/View/Engines/CompilerEngine.php(70): Illuminate\View\Engines\PhpEngine->evaluatePath('/Users/sanket/D...', Array).  

   WARN  #18 vendor/laravel/framework/src/Illuminate/View/View.php(195): Illuminate\View\Engines\CompilerEngine->get('/Users/sanket/D...', Array).  

   WARN  #19 vendor/laravel/framework/src/Illuminate/View/View.php(178): Illuminate\View\View->getContents().  

   WARN  #20 vendor/laravel/framework/src/Illuminate/View/View.php(147): Illuminate\View\View->renderContents().  

   WARN  #21 vendor/laravel/framework/src/Illuminate/Http/Response.php(69): Illuminate\View\View->render().  

   WARN  #22 vendor/laravel/framework/src/Illuminate/Http/Response.php(35): Illuminate\Http\Response->setContent(Object(Illuminate\View\View)).  

   WARN  #23 vendor/laravel/framework/src/Illuminate/Routing/ResponseFactory.php(57): Illuminate\Http\Response->__construct(Object(Illuminate\View\View), 500, Array).  

   WARN  #24 vendor/laravel/framework/src/Illuminate/Routing/ResponseFactory.php(87): Illuminate\Routing\ResponseFactory->make(Object(Illuminate\View\View), 500, Array).  

   WARN  #25 vendor/laravel/framework/src/Illuminate/Foundation/Exceptions/Handler.php(626): Illuminate\Routing\ResponseFactory->view('errors::500', Array, 500, Array).  

   WARN  #26 vendor/laravel/framework/src/Illuminate/Foundation/Exceptions/Handler.php(554): Illuminate\Foundation\Exceptions\Handler->renderHttpException(Object(Symfony\Component\HttpKernel\Exception\HttpException)).  

   WARN  #27 vendor/laravel/framework/src/Illuminate/Foundation/Exceptions/Handler.php(460): Illuminate\Foundation\Exceptions\Handler->prepareResponse(Object(Illuminate\Http\Request), Object(Symfony\Component\HttpKernel\Exception\HttpException)).  

   WARN  #28 vendor/laravel/framework/src/Illuminate/Foundation/Exceptions/Handler.php(377): Illuminate\Foundation\Exceptions\Handler->renderExceptionResponse(Object(Illuminate\Http\Request), Object(Spatie\LaravelIgnition\Exceptions\ViewException)).  

   WARN  #29 app/Exceptions/Handler.php(53): Illuminate\Foundation\Exceptions\Handler->render(Object(Illuminate\Http\Request), Object(Spatie\LaravelIgnition\Exceptions\ViewException)).  

   WARN  #30 vendor/laravel/framework/src/Illuminate/Foundation/Bootstrap/HandleExceptions.php(233): App\Exceptions\Handler->render(Object(Illuminate\Http\Request), Object(Illuminate\View\ViewException)).  

   WARN  #31 vendor/laravel/framework/src/Illuminate/Foundation/Bootstrap/HandleExceptions.php(210): Illuminate\Foundation\Bootstrap\HandleExceptions->renderHttpResponse(Object(Illuminate\View\ViewException)).  

   WARN  #32 vendor/laravel/framework/src/Illuminate/Foundation/Bootstrap/HandleExceptions.php(270): Illuminate\Foundation\Bootstrap\HandleExceptions->handleException(Object(Illuminate\View\ViewException)).  

   WARN  #33 [internal function]: Illuminate\Foundation\Bootstrap\HandleExceptions->Illuminate\Foundation\Bootstrap\{closure}(Object(Illuminate\View\ViewException)).  

   WARN  #34 {main}.  

   WARN  Next Illuminate\View\ViewException: SQLSTATE[42S22]: Column not found: 1054 Unknown column 'status' in 'where clause' (SQL: select * from `languages` where `status` = 1 and `languages`.`deleted_at` is null) (View: resources/views/frontend/inc/header.blade.php) (View: resources/views/frontend/inc/header.blade.php) in vendor/laravel/framework/src/Illuminate/Database/Connection.php:760.  

   WARN  Stack trace:  

   WARN  #0 vendor/laravel/framework/src/Illuminate/View/Engines/PhpEngine.php(60): Illuminate\View\Engines\CompilerEngine->handleViewException(Object(Illuminate\View\ViewException), 2).  

   WARN  #1 vendor/laravel/framework/src/Illuminate/View/Engines/CompilerEngine.php(70): Illuminate\View\Engines\PhpEngine->evaluatePath('/Users/sanket/D...', Array).  

   WARN  #2 vendor/laravel/framework/src/Illuminate/View/View.php(195): Illuminate\View\Engines\CompilerEngine->get('/Users/sanket/D...', Array).  

   WARN  #3 vendor/laravel/framework/src/Illuminate/View/View.php(178): Illuminate\View\View->getContents().  

   WARN  #4 vendor/laravel/framework/src/Illuminate/View/View.php(147): Illuminate\View\View->renderContents().  

   WARN  #5 storage/framework/views/9ffbb18b5434c05b2ce2f4116a39e1ab73e54eb4.php(17): Illuminate\View\View->render().  

   WARN  #6 vendor/laravel/framework/src/Illuminate/Filesystem/Filesystem.php(109): require('/Users/sanket/D...').  

   WARN  #7 vendor/laravel/framework/src/Illuminate/Filesystem/Filesystem.php(110): Illuminate\Filesystem\Filesystem::Illuminate\Filesystem\{closure}().  

   WARN  #8 vendor/laravel/framework/src/Illuminate/View/Engines/PhpEngine.php(58): Illuminate\Filesystem\Filesystem->getRequire('/Users/sanket/D...', Array).  

   WARN  #9 vendor/laravel/framework/src/Illuminate/View/Engines/CompilerEngine.php(70): Illuminate\View\Engines\PhpEngine->evaluatePath('/Users/sanket/D...', Array).  

   WARN  #10 vendor/laravel/framework/src/Illuminate/View/View.php(195): Illuminate\View\Engines\CompilerEngine->get('/Users/sanket/D...', Array).  

   WARN  #11 vendor/laravel/framework/src/Illuminate/View/View.php(178): Illuminate\View\View->getContents().  

   WARN  #12 vendor/laravel/framework/src/Illuminate/View/View.php(147): Illuminate\View\View->renderContents().  

   WARN  #13 vendor/laravel/framework/src/Illuminate/Http/Response.php(69): Illuminate\View\View->render().  

   WARN  #14 vendor/laravel/framework/src/Illuminate/Http/Response.php(35): Illuminate\Http\Response->setContent(Object(Illuminate\View\View)).  

   WARN  #15 vendor/laravel/framework/src/Illuminate/Routing/ResponseFactory.php(57): Illuminate\Http\Response->__construct(Object(Illuminate\View\View), 500, Array).  

   WARN  #16 vendor/laravel/framework/src/Illuminate/Routing/ResponseFactory.php(87): Illuminate\Routing\ResponseFactory->make(Object(Illuminate\View\View), 500, Array).  

   WARN  #17 vendor/laravel/framework/src/Illuminate/Foundation/Exceptions/Handler.php(626): Illuminate\Routing\ResponseFactory->view('errors::500', Array, 500, Array).  

   WARN  #18 vendor/laravel/framework/src/Illuminate/Foundation/Exceptions/Handler.php(554): Illuminate\Foundation\Exceptions\Handler->renderHttpException(Object(Symfony\Component\HttpKernel\Exception\HttpException)).  

   WARN  #19 vendor/laravel/framework/src/Illuminate/Foundation/Exceptions/Handler.php(460): Illuminate\Foundation\Exceptions\Handler->prepareResponse(Object(Illuminate\Http\Request), Object(Symfony\Component\HttpKernel\Exception\HttpException)).  

   WARN  #20 vendor/laravel/framework/src/Illuminate/Foundation/Exceptions/Handler.php(377): Illuminate\Foundation\Exceptions\Handler->renderExceptionResponse(Object(Illuminate\Http\Request), Object(Spatie\LaravelIgnition\Exceptions\ViewException)).  

   WARN  #21 app/Exceptions/Handler.php(53): Illuminate\Foundation\Exceptions\Handler->render(Object(Illuminate\Http\Request), Object(Spatie\LaravelIgnition\Exceptions\ViewException)).  

   WARN  #22 vendor/laravel/framework/src/Illuminate/Foundation/Bootstrap/HandleExceptions.php(233): App\Exceptions\Handler->render(Object(Illuminate\Http\Request), Object(Illuminate\View\ViewException)).  

   WARN  #23 vendor/laravel/framework/src/Illuminate/Foundation/Bootstrap/HandleExceptions.php(210): Illuminate\Foundation\Bootstrap\HandleExceptions->renderHttpResponse(Object(Illuminate\View\ViewException)).  

   WARN  #24 vendor/laravel/framework/src/Illuminate/Foundation/Bootstrap/HandleExceptions.php(270): Illuminate\Foundation\Bootstrap\HandleExceptions->handleException(Object(Illuminate\View\ViewException)).  

   WARN  #25 [internal function]: Illuminate\Foundation\Bootstrap\HandleExceptions->Illuminate\Foundation\Bootstrap\{closure}(Object(Illuminate\View\ViewException)).  

   WARN  #26 {main}.  

   WARN  Next Illuminate\View\ViewException: SQLSTATE[42S22]: Column not found: 1054 Unknown column 'status' in 'where clause' (SQL: select * from `languages` where `status` = 1 and `languages`.`deleted_at` is null) (View: resources/views/frontend/inc/header.blade.php) (View: resources/views/frontend/inc/header.blade.php) (View: resources/views/frontend/inc/header.blade.php) in vendor/laravel/framework/src/Illuminate/Database/Connection.php:760.  

   WARN  Stack trace:  

   WARN  #0 vendor/laravel/framework/src/Illuminate/View/Engines/PhpEngine.php(60): Illuminate\View\Engines\CompilerEngine->handleViewException(Object(Illuminate\View\ViewException), 1).  

   WARN  #1 vendor/laravel/framework/src/Illuminate/View/Engines/CompilerEngine.php(70): Illuminate\View\Engines\PhpEngine->evaluatePath('/Users/sanket/D...', Array).  

   WARN  #2 vendor/laravel/framework/src/Illuminate/View/View.php(195): Illuminate\View\Engines\CompilerEngine->get('/Users/sanket/D...', Array).  

   WARN  #3 vendor/laravel/framework/src/Illuminate/View/View.php(178): Illuminate\View\View->getContents().  

   WARN  #4 vendor/laravel/framework/src/Illuminate/View/View.php(147): Illuminate\View\View->renderContents().  

   WARN  #5 vendor/laravel/framework/src/Illuminate/Http/Response.php(69): Illuminate\View\View->render().  

   WARN  #6 vendor/laravel/framework/src/Illuminate/Http/Response.php(35): Illuminate\Http\Response->setContent(Object(Illuminate\View\View)).  

   WARN  #7 vendor/laravel/framework/src/Illuminate/Routing/ResponseFactory.php(57): Illuminate\Http\Response->__construct(Object(Illuminate\View\View), 500, Array).  

   WARN  #8 vendor/laravel/framework/src/Illuminate/Routing/ResponseFactory.php(87): Illuminate\Routing\ResponseFactory->make(Object(Illuminate\View\View), 500, Array).  

   WARN  #9 vendor/laravel/framework/src/Illuminate/Foundation/Exceptions/Handler.php(626): Illuminate\Routing\ResponseFactory->view('errors::500', Array, 500, Array).  

   WARN  #10 vendor/laravel/framework/src/Illuminate/Foundation/Exceptions/Handler.php(554): Illuminate\Foundation\Exceptions\Handler->renderHttpException(Object(Symfony\Component\HttpKernel\Exception\HttpException)).  

   WARN  #11 vendor/laravel/framework/src/Illuminate/Foundation/Exceptions/Handler.php(460): Illuminate\Foundation\Exceptions\Handler->prepareResponse(Object(Illuminate\Http\Request), Object(Symfony\Component\HttpKernel\Exception\HttpException)).  

   WARN  #12 vendor/laravel/framework/src/Illuminate/Foundation/Exceptions/Handler.php(377): Illuminate\Foundation\Exceptions\Handler->renderExceptionResponse(Object(Illuminate\Http\Request), Object(Spatie\LaravelIgnition\Exceptions\ViewException)).  

   WARN  #13 app/Exceptions/Handler.php(53): Illuminate\Foundation\Exceptions\Handler->render(Object(Illuminate\Http\Request), Object(Spatie\LaravelIgnition\Exceptions\ViewException)).  

   WARN  #14 vendor/laravel/framework/src/Illuminate/Foundation/Bootstrap/HandleExceptions.php(233): App\Exceptions\Handler->render(Object(Illuminate\Http\Request), Object(Illuminate\View\ViewException)).  

   WARN  #15 vendor/laravel/framework/src/Illuminate/Foundation/Bootstrap/HandleExceptions.php(210): Illuminate\Foundation\Bootstrap\HandleExceptions->renderHttpResponse(Object(Illuminate\View\ViewException)).  

   WARN  #16 vendor/laravel/framework/src/Illuminate/Foundation/Bootstrap/HandleExceptions.php(270): Illuminate\Foundation\Bootstrap\HandleExceptions->handleException(Object(Illuminate\View\ViewException)).  

   WARN  #17 [internal function]: Illuminate\Foundation\Bootstrap\HandleExceptions->Illuminate\Foundation\Bootstrap\{closure}(Object(Illuminate\View\ViewException)).  

   WARN  #18 {main}.  

   WARN  thrown in vendor/laravel/framework/src/Illuminate/Database/Connection.php on line 760.  

   WARN  PHP Fatal error: Uncaught PDOException: SQLSTATE[42S22]: Column not found: 1054 Unknown column 'status' in 'where clause' in vendor/laravel/framework/src/Illuminate/Database/Connection.php:414.  

   WARN  Stack trace:  

   WARN  #0 vendor/laravel/framework/src/Illuminate/Database/Connection.php(414): PDO->prepare('select * from `...').  

   WARN  #1 vendor/laravel/framework/src/Illuminate/Database/Connection.php(753): Illuminate\Database\Connection->Illuminate\Database\{closure}('select * from `...', Array).  

   WARN  #2 vendor/laravel/framework/src/Illuminate/Database/Connection.php(720): Illuminate\Database\Connection->runQueryCallback('select * from `...', Array, Object(Closure)).  

   WARN  #3 vendor/laravel/framework/src/Illuminate/Database/Connection.php(405): Illuminate\Database\Connection->run('select * from `...', Array, Object(Closure)).  

   WARN  #4 vendor/laravel/framework/src/Illuminate/Database/Query/Builder.php(2705): Illuminate\Database\Connection->select('select * from `...', Array, true).  

   WARN  #5 vendor/laravel/framework/src/Illuminate/Database/Query/Builder.php(2694): Illuminate\Database\Query\Builder->runSelect().  

   WARN  #6 vendor/laravel/framework/src/Illuminate/Database/Query/Builder.php(3230): Illuminate\Database\Query\Builder->Illuminate\Database\Query\{closure}().  

   WARN  #7 vendor/laravel/framework/src/Illuminate/Database/Query/Builder.php(2693): Illuminate\Database\Query\Builder->onceWithColumns(Array, Object(Closure)).  

   WARN  #8 vendor/laravel/framework/src/Illuminate/Database/Eloquent/Builder.php(710): Illuminate\Database\Query\Builder->get(Array).  

   WARN  #9 vendor/laravel/framework/src/Illuminate/Database/Eloquent/Builder.php(694): Illuminate\Database\Eloquent\Builder->getModels(Array).  

   WARN  #10 storage/framework/views/23518080ae7ee854b82ae47f2d950cf26ee2c831.php(44): Illuminate\Database\Eloquent\Builder->get().  

   WARN  #11 vendor/laravel/framework/src/Illuminate/Filesystem/Filesystem.php(109): require('/Users/sanket/D...').  

   WARN  #12 vendor/laravel/framework/src/Illuminate/Filesystem/Filesystem.php(110): Illuminate\Filesystem\Filesystem::Illuminate\Filesystem\{closure}().  

   WARN  #13 vendor/laravel/framework/src/Illuminate/View/Engines/PhpEngine.php(58): Illuminate\Filesystem\Filesystem->getRequire('/Users/sanket/D...', Array).  

   WARN  #14 vendor/laravel/framework/src/Illuminate/View/Engines/CompilerEngine.php(70): Illuminate\View\Engines\PhpEngine->evaluatePath('/Users/sanket/D...', Array).  

   WARN  #15 vendor/laravel/framework/src/Illuminate/View/View.php(195): Illuminate\View\Engines\CompilerEngine->get('/Users/sanket/D...', Array).  

   WARN  #16 vendor/laravel/framework/src/Illuminate/View/View.php(178): Illuminate\View\View->getContents().  

   WARN  #17 vendor/laravel/framework/src/Illuminate/View/View.php(147): Illuminate\View\View->renderContents().  

   WARN  #18 storage/framework/views/81a5e466783f04f6291855a5dd02b6586bebf502.php(175): Illuminate\View\View->render().  

   WARN  #19 vendor/laravel/framework/src/Illuminate/Filesystem/Filesystem.php(109): require('/Users/sanket/D...').  

   WARN  #20 vendor/laravel/framework/src/Illuminate/Filesystem/Filesystem.php(110): Illuminate\Filesystem\Filesystem::Illuminate\Filesystem\{closure}().  

   WARN  #21 vendor/laravel/framework/src/Illuminate/View/Engines/PhpEngine.php(58): Illuminate\Filesystem\Filesystem->getRequire('/Users/sanket/D...', Array).  

   WARN  #22 vendor/laravel/framework/src/Illuminate/View/Engines/CompilerEngine.php(70): Illuminate\View\Engines\PhpEngine->evaluatePath('/Users/sanket/D...', Array).  

   WARN  #23 vendor/laravel/framework/src/Illuminate/View/View.php(195): Illuminate\View\Engines\CompilerEngine->get('/Users/sanket/D...', Array).  

   WARN  #24 vendor/laravel/framework/src/Illuminate/View/View.php(178): Illuminate\View\View->getContents().  

   WARN  #25 vendor/laravel/framework/src/Illuminate/View/View.php(147): Illuminate\View\View->renderContents().  

   WARN  #26 storage/framework/views/9ffbb18b5434c05b2ce2f4116a39e1ab73e54eb4.php(17): Illuminate\View\View->render().  

   WARN  #27 vendor/laravel/framework/src/Illuminate/Filesystem/Filesystem.php(109): require('/Users/sanket/D...').  

   WARN  #28 vendor/laravel/framework/src/Illuminate/Filesystem/Filesystem.php(110): Illuminate\Filesystem\Filesystem::Illuminate\Filesystem\{closure}().  

   WARN  #29 vendor/laravel/framework/src/Illuminate/View/Engines/PhpEngine.php(58): Illuminate\Filesystem\Filesystem->getRequire('/Users/sanket/D...', Array).  

   WARN  #30 vendor/laravel/framework/src/Illuminate/View/Engines/CompilerEngine.php(70): Illuminate\View\Engines\PhpEngine->evaluatePath('/Users/sanket/D...', Array).  

   WARN  #31 vendor/laravel/framework/src/Illuminate/View/View.php(195): Illuminate\View\Engines\CompilerEngine->get('/Users/sanket/D...', Array).  

   WARN  #32 vendor/laravel/framework/src/Illuminate/View/View.php(178): Illuminate\View\View->getContents().  

   WARN  #33 vendor/laravel/framework/src/Illuminate/View/View.php(147): Illuminate\View\View->renderContents().  

   WARN  #34 vendor/laravel/framework/src/Illuminate/Http/Response.php(69): Illuminate\View\View->render().  

   WARN  #35 vendor/laravel/framework/src/Illuminate/Http/Response.php(35): Illuminate\Http\Response->setContent(Object(Illuminate\View\View)).  

   WARN  #36 vendor/laravel/framework/src/Illuminate/Routing/ResponseFactory.php(57): Illuminate\Http\Response->__construct(Object(Illuminate\View\View), 500, Array).  

   WARN  #37 vendor/laravel/framework/src/Illuminate/Routing/ResponseFactory.php(87): Illuminate\Routing\ResponseFactory->make(Object(Illuminate\View\View), 500, Array).  

   WARN  #38 vendor/laravel/framework/src/Illuminate/Foundation/Exceptions/Handler.php(626): Illuminate\Routing\ResponseFactory->view('errors::500', Array, 500, Array).  

   WARN  #39 vendor/laravel/framework/src/Illuminate/Foundation/Exceptions/Handler.php(554): Illuminate\Foundation\Exceptions\Handler->renderHttpException(Object(Symfony\Component\HttpKernel\Exception\HttpException)).  

   WARN  #40 vendor/laravel/framework/src/Illuminate/Foundation/Exceptions/Handler.php(460): Illuminate\Foundation\Exceptions\Handler->prepareResponse(Object(Illuminate\Http\Request), Object(Symfony\Component\HttpKernel\Exception\HttpException)).  

   WARN  #41 vendor/laravel/framework/src/Illuminate/Foundation/Exceptions/Handler.php(377): Illuminate\Foundation\Exceptions\Handler->renderExceptionResponse(Object(Illuminate\Http\Request), Object(Symfony\Component\ErrorHandler\Error\FatalError)).  

   WARN  #42 app/Exceptions/Handler.php(53): Illuminate\Foundation\Exceptions\Handler->render(Object(Illuminate\Http\Request), Object(Symfony\Component\ErrorHandler\Error\FatalError)).  

   WARN  #43 vendor/laravel/framework/src/Illuminate/Foundation/Bootstrap/HandleExceptions.php(233): App\Exceptions\Handler->render(Object(Illuminate\Http\Request), Object(Symfony\Component\ErrorHandler\Error\FatalError)).  

   WARN  #44 vendor/laravel/framework/src/Illuminate/Foundation/Bootstrap/HandleExceptions.php(210): Illuminate\Foundation\Bootstrap\HandleExceptions->renderHttpResponse(Object(Symfony\Component\ErrorHandler\Error\FatalError)).  

   WARN  #45 vendor/laravel/framework/src/Illuminate/Foundation/Bootstrap/HandleExceptions.php(246): Illuminate\Foundation\Bootstrap\HandleExceptions->handleException(Object(Symfony\Component\ErrorHandler\Error\FatalError)).  

   WARN  #46 vendor/laravel/framework/src/Illuminate/Foundation/Bootstrap/HandleExceptions.php(270): Illuminate\Foundation\Bootstrap\HandleExceptions->handleShutdown().  

   WARN  #47 [internal function]: Illuminate\Foundation\Bootstrap\HandleExceptions->Illuminate\Foundation\Bootstrap\{closure}().  

   WARN  #48 {main}.  

   WARN  Next Illuminate\Database\QueryException: SQLSTATE[42S22]: Column not found: 1054 Unknown column 'status' in 'where clause' (SQL: select * from `languages` where `status` = 1 and `languages`.`deleted_at` is null) in vendor/laravel/framework/src/Illuminate/Database/Connection.php:760.  

   WARN  Stack trace:  

   WARN  #0 vendor/laravel/framework/src/Illuminate/Database/Connection.php(720): Illuminate\Database\Connection->runQueryCallback('select * from `...', Array, Object(Closure)).  

   WARN  #1 vendor/laravel/framework/src/Illuminate/Database/Connection.php(405): Illuminate\Database\Connection->run('select * from `...', Array, Object(Closure)).  

   WARN  #2 vendor/laravel/framework/src/Illuminate/Database/Query/Builder.php(2705): Illuminate\Database\Connection->select('select * from `...', Array, true).  

   WARN  #3 vendor/laravel/framework/src/Illuminate/Database/Query/Builder.php(2694): Illuminate\Database\Query\Builder->runSelect().  

   WARN  #4 vendor/laravel/framework/src/Illuminate/Database/Query/Builder.php(3230): Illuminate\Database\Query\Builder->Illuminate\Database\Query\{closure}().  

   WARN  #5 vendor/laravel/framework/src/Illuminate/Database/Query/Builder.php(2693): Illuminate\Database\Query\Builder->onceWithColumns(Array, Object(Closure)).  

   WARN  #6 vendor/laravel/framework/src/Illuminate/Database/Eloquent/Builder.php(710): Illuminate\Database\Query\Builder->get(Array).  

   WARN  #7 vendor/laravel/framework/src/Illuminate/Database/Eloquent/Builder.php(694): Illuminate\Database\Eloquent\Builder->getModels(Array).  

   WARN  #8 storage/framework/views/23518080ae7ee854b82ae47f2d950cf26ee2c831.php(44): Illuminate\Database\Eloquent\Builder->get().  

   WARN  #9 vendor/laravel/framework/src/Illuminate/Filesystem/Filesystem.php(109): require('/Users/sanket/D...').  

   WARN  #10 vendor/laravel/framework/src/Illuminate/Filesystem/Filesystem.php(110): Illuminate\Filesystem\Filesystem::Illuminate\Filesystem\{closure}().  

   WARN  #11 vendor/laravel/framework/src/Illuminate/View/Engines/PhpEngine.php(58): Illuminate\Filesystem\Filesystem->getRequire('/Users/sanket/D...', Array).  

   WARN  #12 vendor/laravel/framework/src/Illuminate/View/Engines/CompilerEngine.php(70): Illuminate\View\Engines\PhpEngine->evaluatePath('/Users/sanket/D...', Array).  

   WARN  #13 vendor/laravel/framework/src/Illuminate/View/View.php(195): Illuminate\View\Engines\CompilerEngine->get('/Users/sanket/D...', Array).  

   WARN  #14 vendor/laravel/framework/src/Illuminate/View/View.php(178): Illuminate\View\View->getContents().  

   WARN  #15 vendor/laravel/framework/src/Illuminate/View/View.php(147): Illuminate\View\View->renderContents().  

   WARN  #16 storage/framework/views/81a5e466783f04f6291855a5dd02b6586bebf502.php(175): Illuminate\View\View->render().  

   WARN  #17 vendor/laravel/framework/src/Illuminate/Filesystem/Filesystem.php(109): require('/Users/sanket/D...').  

   WARN  #18 vendor/laravel/framework/src/Illuminate/Filesystem/Filesystem.php(110): Illuminate\Filesystem\Filesystem::Illuminate\Filesystem\{closure}().  

   WARN  #19 vendor/laravel/framework/src/Illuminate/View/Engines/PhpEngine.php(58): Illuminate\Filesystem\Filesystem->getRequire('/Users/sanket/D...', Array).  

   WARN  #20 vendor/laravel/framework/src/Illuminate/View/Engines/CompilerEngine.php(70): Illuminate\View\Engines\PhpEngine->evaluatePath('/Users/sanket/D...', Array).  

   WARN  #21 vendor/laravel/framework/src/Illuminate/View/View.php(195): Illuminate\View\Engines\CompilerEngine->get('/Users/sanket/D...', Array).  

   WARN  #22 vendor/laravel/framework/src/Illuminate/View/View.php(178): Illuminate\View\View->getContents().  

   WARN  #23 vendor/laravel/framework/src/Illuminate/View/View.php(147): Illuminate\View\View->renderContents().  

   WARN  #24 storage/framework/views/9ffbb18b5434c05b2ce2f4116a39e1ab73e54eb4.php(17): Illuminate\View\View->render().  

   WARN  #25 vendor/laravel/framework/src/Illuminate/Filesystem/Filesystem.php(109): require('/Users/sanket/D...').  

   WARN  #26 vendor/laravel/framework/src/Illuminate/Filesystem/Filesystem.php(110): Illuminate\Filesystem\Filesystem::Illuminate\Filesystem\{closure}().  

   WARN  #27 vendor/laravel/framework/src/Illuminate/View/Engines/PhpEngine.php(58): Illuminate\Filesystem\Filesystem->getRequire('/Users/sanket/D...', Array).  

   WARN  #28 vendor/laravel/framework/src/Illuminate/View/Engines/CompilerEngine.php(70): Illuminate\View\Engines\PhpEngine->evaluatePath('/Users/sanket/D...', Array).  

   WARN  #29 vendor/laravel/framework/src/Illuminate/View/View.php(195): Illuminate\View\Engines\CompilerEngine->get('/Users/sanket/D...', Array).  

   WARN  #30 vendor/laravel/framework/src/Illuminate/View/View.php(178): Illuminate\View\View->getContents().  

   WARN  #31 vendor/laravel/framework/src/Illuminate/View/View.php(147): Illuminate\View\View->renderContents().  

   WARN  #32 vendor/laravel/framework/src/Illuminate/Http/Response.php(69): Illuminate\View\View->render().  

   WARN  #33 vendor/laravel/framework/src/Illuminate/Http/Response.php(35): Illuminate\Http\Response->setContent(Object(Illuminate\View\View)).  

   WARN  #34 vendor/laravel/framework/src/Illuminate/Routing/ResponseFactory.php(57): Illuminate\Http\Response->__construct(Object(Illuminate\View\View), 500, Array).  

   WARN  #35 vendor/laravel/framework/src/Illuminate/Routing/ResponseFactory.php(87): Illuminate\Routing\ResponseFactory->make(Object(Illuminate\View\View), 500, Array).  

   WARN  #36 vendor/laravel/framework/src/Illuminate/Foundation/Exceptions/Handler.php(626): Illuminate\Routing\ResponseFactory->view('errors::500', Array, 500, Array).  

   WARN  #37 vendor/laravel/framework/src/Illuminate/Foundation/Exceptions/Handler.php(554): Illuminate\Foundation\Exceptions\Handler->renderHttpException(Object(Symfony\Component\HttpKernel\Exception\HttpException)).  

   WARN  #38 vendor/laravel/framework/src/Illuminate/Foundation/Exceptions/Handler.php(460): Illuminate\Foundation\Exceptions\Handler->prepareResponse(Object(Illuminate\Http\Request), Object(Symfony\Component\HttpKernel\Exception\HttpException)).  

   WARN  #39 vendor/laravel/framework/src/Illuminate/Foundation/Exceptions/Handler.php(377): Illuminate\Foundation\Exceptions\Handler->renderExceptionResponse(Object(Illuminate\Http\Request), Object(Symfony\Component\ErrorHandler\Error\FatalError)).  

   WARN  #40 app/Exceptions/Handler.php(53): Illuminate\Foundation\Exceptions\Handler->render(Object(Illuminate\Http\Request), Object(Symfony\Component\ErrorHandler\Error\FatalError)).  

   WARN  #41 vendor/laravel/framework/src/Illuminate/Foundation/Bootstrap/HandleExceptions.php(233): App\Exceptions\Handler->render(Object(Illuminate\Http\Request), Object(Symfony\Component\ErrorHandler\Error\FatalError)).  

   WARN  #42 vendor/laravel/framework/src/Illuminate/Foundation/Bootstrap/HandleExceptions.php(210): Illuminate\Foundation\Bootstrap\HandleExceptions->renderHttpResponse(Object(Symfony\Component\ErrorHandler\Error\FatalError)).  

   WARN  #43 vendor/laravel/framework/src/Illuminate/Foundation/Bootstrap/HandleExceptions.php(246): Illuminate\Foundation\Bootstrap\HandleExceptions->handleException(Object(Symfony\Component\ErrorHandler\Error\FatalError)).  

   WARN  #44 vendor/laravel/framework/src/Illuminate/Foundation/Bootstrap/HandleExceptions.php(270): Illuminate\Foundation\Bootstrap\HandleExceptions->handleShutdown().  

   WARN  #45 [internal function]: Illuminate\Foundation\Bootstrap\HandleExceptions->Illuminate\Foundation\Bootstrap\{closure}().  

   WARN  #46 {main}.  

   WARN  Next Illuminate\View\ViewException: SQLSTATE[42S22]: Column not found: 1054 Unknown column 'status' in 'where clause' (SQL: select * from `languages` where `status` = 1 and `languages`.`deleted_at` is null) (View: resources/views/frontend/inc/header.blade.php) in vendor/laravel/framework/src/Illuminate/Database/Connection.php:760.  

   WARN  Stack trace:  

   WARN  #0 vendor/laravel/framework/src/Illuminate/View/Engines/PhpEngine.php(60): Illuminate\View\Engines\CompilerEngine->handleViewException(Object(Illuminate\Database\QueryException), 3).  

   WARN  #1 vendor/laravel/framework/src/Illuminate/View/Engines/CompilerEngine.php(70): Illuminate\View\Engines\PhpEngine->evaluatePath('/Users/sanket/D...', Array).  

   WARN  #2 vendor/laravel/framework/src/Illuminate/View/View.php(195): Illuminate\View\Engines\CompilerEngine->get('/Users/sanket/D...', Array).  

   WARN  #3 vendor/laravel/framework/src/Illuminate/View/View.php(178): Illuminate\View\View->getContents().  

   WARN  #4 vendor/laravel/framework/src/Illuminate/View/View.php(147): Illuminate\View\View->renderContents().  

   WARN  #5 storage/framework/views/81a5e466783f04f6291855a5dd02b6586bebf502.php(175): Illuminate\View\View->render().  

   WARN  #6 vendor/laravel/framework/src/Illuminate/Filesystem/Filesystem.php(109): require('/Users/sanket/D...').  

   WARN  #7 vendor/laravel/framework/src/Illuminate/Filesystem/Filesystem.php(110): Illuminate\Filesystem\Filesystem::Illuminate\Filesystem\{closure}().  

   WARN  #8 vendor/laravel/framework/src/Illuminate/View/Engines/PhpEngine.php(58): Illuminate\Filesystem\Filesystem->getRequire('/Users/sanket/D...', Array).  

   WARN  #9 vendor/laravel/framework/src/Illuminate/View/Engines/CompilerEngine.php(70): Illuminate\View\Engines\PhpEngine->evaluatePath('/Users/sanket/D...', Array).  

   WARN  #10 vendor/laravel/framework/src/Illuminate/View/View.php(195): Illuminate\View\Engines\CompilerEngine->get('/Users/sanket/D...', Array).  

   WARN  #11 vendor/laravel/framework/src/Illuminate/View/View.php(178): Illuminate\View\View->getContents().  

   WARN  #12 vendor/laravel/framework/src/Illuminate/View/View.php(147): Illuminate\View\View->renderContents().  

   WARN  #13 storage/framework/views/9ffbb18b5434c05b2ce2f4116a39e1ab73e54eb4.php(17): Illuminate\View\View->render().  

   WARN  #14 vendor/laravel/framework/src/Illuminate/Filesystem/Filesystem.php(109): require('/Users/sanket/D...').  

   WARN  #15 vendor/laravel/framework/src/Illuminate/Filesystem/Filesystem.php(110): Illuminate\Filesystem\Filesystem::Illuminate\Filesystem\{closure}().  

   WARN  #16 vendor/laravel/framework/src/Illuminate/View/Engines/PhpEngine.php(58): Illuminate\Filesystem\Filesystem->getRequire('/Users/sanket/D...', Array).  

   WARN  #17 vendor/laravel/framework/src/Illuminate/View/Engines/CompilerEngine.php(70): Illuminate\View\Engines\PhpEngine->evaluatePath('/Users/sanket/D...', Array).  

   WARN  #18 vendor/laravel/framework/src/Illuminate/View/View.php(195): Illuminate\View\Engines\CompilerEngine->get('/Users/sanket/D...', Array).  

   WARN  #19 vendor/laravel/framework/src/Illuminate/View/View.php(178): Illuminate\View\View->getContents().  

   WARN  #20 vendor/laravel/framework/src/Illuminate/View/View.php(147): Illuminate\View\View->renderContents().  

   WARN  #21 vendor/laravel/framework/src/Illuminate/Http/Response.php(69): Illuminate\View\View->render().  

   WARN  #22 vendor/laravel/framework/src/Illuminate/Http/Response.php(35): Illuminate\Http\Response->setContent(Object(Illuminate\View\View)).  

   WARN  #23 vendor/laravel/framework/src/Illuminate/Routing/ResponseFactory.php(57): Illuminate\Http\Response->__construct(Object(Illuminate\View\View), 500, Array).  

   WARN  #24 vendor/laravel/framework/src/Illuminate/Routing/ResponseFactory.php(87): Illuminate\Routing\ResponseFactory->make(Object(Illuminate\View\View), 500, Array).  

   WARN  #25 vendor/laravel/framework/src/Illuminate/Foundation/Exceptions/Handler.php(626): Illuminate\Routing\ResponseFactory->view('errors::500', Array, 500, Array).  

   WARN  #26 vendor/laravel/framework/src/Illuminate/Foundation/Exceptions/Handler.php(554): Illuminate\Foundation\Exceptions\Handler->renderHttpException(Object(Symfony\Component\HttpKernel\Exception\HttpException)).  

   WARN  #27 vendor/laravel/framework/src/Illuminate/Foundation/Exceptions/Handler.php(460): Illuminate\Foundation\Exceptions\Handler->prepareResponse(Object(Illuminate\Http\Request), Object(Symfony\Component\HttpKernel\Exception\HttpException)).  

   WARN  #28 vendor/laravel/framework/src/Illuminate/Foundation/Exceptions/Handler.php(377): Illuminate\Foundation\Exceptions\Handler->renderExceptionResponse(Object(Illuminate\Http\Request), Object(Symfony\Component\ErrorHandler\Error\FatalError)).  

   WARN  #29 app/Exceptions/Handler.php(53): Illuminate\Foundation\Exceptions\Handler->render(Object(Illuminate\Http\Request), Object(Symfony\Component\ErrorHandler\Error\FatalError)).  

   WARN  #30 vendor/laravel/framework/src/Illuminate/Foundation/Bootstrap/HandleExceptions.php(233): App\Exceptions\Handler->render(Object(Illuminate\Http\Request), Object(Symfony\Component\ErrorHandler\Error\FatalError)).  

   WARN  #31 vendor/laravel/framework/src/Illuminate/Foundation/Bootstrap/HandleExceptions.php(210): Illuminate\Foundation\Bootstrap\HandleExceptions->renderHttpResponse(Object(Symfony\Component\ErrorHandler\Error\FatalError)).  

   WARN  #32 vendor/laravel/framework/src/Illuminate/Foundation/Bootstrap/HandleExceptions.php(246): Illuminate\Foundation\Bootstrap\HandleExceptions->handleException(Object(Symfony\Component\ErrorHandler\Error\FatalError)).  

   WARN  #33 vendor/laravel/framework/src/Illuminate/Foundation/Bootstrap/HandleExceptions.php(270): Illuminate\Foundation\Bootstrap\HandleExceptions->handleShutdown().  

   WARN  #34 [internal function]: Illuminate\Foundation\Bootstrap\HandleExceptions->Illuminate\Foundation\Bootstrap\{closure}().  

   WARN  #35 {main}.  

   WARN  Next Illuminate\View\ViewException: SQLSTATE[42S22]: Column not found: 1054 Unknown column 'status' in 'where clause' (SQL: select * from `languages` where `status` = 1 and `languages`.`deleted_at` is null) (View: resources/views/frontend/inc/header.blade.php) (View: resources/views/frontend/inc/header.blade.php) in vendor/laravel/framework/src/Illuminate/Database/Connection.php:760.  

   WARN  Stack trace:  

   WARN  #0 vendor/laravel/framework/src/Illuminate/View/Engines/PhpEngine.php(60): Illuminate\View\Engines\CompilerEngine->handleViewException(Object(Illuminate\View\ViewException), 2).  

   WARN  #1 vendor/laravel/framework/src/Illuminate/View/Engines/CompilerEngine.php(70): Illuminate\View\Engines\PhpEngine->evaluatePath('/Users/sanket/D...', Array).  

   WARN  #2 vendor/laravel/framework/src/Illuminate/View/View.php(195): Illuminate\View\Engines\CompilerEngine->get('/Users/sanket/D...', Array).  

   WARN  #3 vendor/laravel/framework/src/Illuminate/View/View.php(178): Illuminate\View\View->getContents().  

   WARN  #4 vendor/laravel/framework/src/Illuminate/View/View.php(147): Illuminate\View\View->renderContents().  

   WARN  #5 storage/framework/views/9ffbb18b5434c05b2ce2f4116a39e1ab73e54eb4.php(17): Illuminate\View\View->render().  

   WARN  #6 vendor/laravel/framework/src/Illuminate/Filesystem/Filesystem.php(109): require('/Users/sanket/D...').  

   WARN  #7 vendor/laravel/framework/src/Illuminate/Filesystem/Filesystem.php(110): Illuminate\Filesystem\Filesystem::Illuminate\Filesystem\{closure}().  

   WARN  #8 vendor/laravel/framework/src/Illuminate/View/Engines/PhpEngine.php(58): Illuminate\Filesystem\Filesystem->getRequire('/Users/sanket/D...', Array).  

   WARN  #9 vendor/laravel/framework/src/Illuminate/View/Engines/CompilerEngine.php(70): Illuminate\View\Engines\PhpEngine->evaluatePath('/Users/sanket/D...', Array).  

   WARN  #10 vendor/laravel/framework/src/Illuminate/View/View.php(195): Illuminate\View\Engines\CompilerEngine->get('/Users/sanket/D...', Array).  

   WARN  #11 vendor/laravel/framework/src/Illuminate/View/View.php(178): Illuminate\View\View->getContents().  

   WARN  #12 vendor/laravel/framework/src/Illuminate/View/View.php(147): Illuminate\View\View->renderContents().  

   WARN  #13 vendor/laravel/framework/src/Illuminate/Http/Response.php(69): Illuminate\View\View->render().  

   WARN  #14 vendor/laravel/framework/src/Illuminate/Http/Response.php(35): Illuminate\Http\Response->setContent(Object(Illuminate\View\View)).  

   WARN  #15 vendor/laravel/framework/src/Illuminate/Routing/ResponseFactory.php(57): Illuminate\Http\Response->__construct(Object(Illuminate\View\View), 500, Array).  

   WARN  #16 vendor/laravel/framework/src/Illuminate/Routing/ResponseFactory.php(87): Illuminate\Routing\ResponseFactory->make(Object(Illuminate\View\View), 500, Array).  

   WARN  #17 vendor/laravel/framework/src/Illuminate/Foundation/Exceptions/Handler.php(626): Illuminate\Routing\ResponseFactory->view('errors::500', Array, 500, Array).  

   WARN  #18 vendor/laravel/framework/src/Illuminate/Foundation/Exceptions/Handler.php(554): Illuminate\Foundation\Exceptions\Handler->renderHttpException(Object(Symfony\Component\HttpKernel\Exception\HttpException)).  

   WARN  #19 vendor/laravel/framework/src/Illuminate/Foundation/Exceptions/Handler.php(460): Illuminate\Foundation\Exceptions\Handler->prepareResponse(Object(Illuminate\Http\Request), Object(Symfony\Component\HttpKernel\Exception\HttpException)).  

   WARN  #20 vendor/laravel/framework/src/Illuminate/Foundation/Exceptions/Handler.php(377): Illuminate\Foundation\Exceptions\Handler->renderExceptionResponse(Object(Illuminate\Http\Request), Object(Symfony\Component\ErrorHandler\Error\FatalError)).  

   WARN  #21 app/Exceptions/Handler.php(53): Illuminate\Foundation\Exceptions\Handler->render(Object(Illuminate\Http\Request), Object(Symfony\Component\ErrorHandler\Error\FatalError)).  

   WARN  #22 vendor/laravel/framework/src/Illuminate/Foundation/Bootstrap/HandleExceptions.php(233): App\Exceptions\Handler->render(Object(Illuminate\Http\Request), Object(Symfony\Component\ErrorHandler\Error\FatalError)).  

   WARN  #23 vendor/laravel/framework/src/Illuminate/Foundation/Bootstrap/HandleExceptions.php(210): Illuminate\Foundation\Bootstrap\HandleExceptions->renderHttpResponse(Object(Symfony\Component\ErrorHandler\Error\FatalError)).  

   WARN  #24 vendor/laravel/framework/src/Illuminate/Foundation/Bootstrap/HandleExceptions.php(246): Illuminate\Foundation\Bootstrap\HandleExceptions->handleException(Object(Symfony\Component\ErrorHandler\Error\FatalError)).  

   WARN  #25 vendor/laravel/framework/src/Illuminate/Foundation/Bootstrap/HandleExceptions.php(270): Illuminate\Foundation\Bootstrap\HandleExceptions->handleShutdown().  

   WARN  #26 [internal function]: Illuminate\Foundation\Bootstrap\HandleExceptions->Illuminate\Foundation\Bootstrap\{closure}().  

   WARN  #27 {main}.  

   WARN  Next Illuminate\View\ViewException: SQLSTATE[42S22]: Column not found: 1054 Unknown column 'status' in 'where clause' (SQL: select * from `languages` where `status` = 1 and `languages`.`deleted_at` is null) (View: resources/views/frontend/inc/header.blade.php) (View: resources/views/frontend/inc/header.blade.php) (View: resources/views/frontend/inc/header.blade.php) in vendor/laravel/framework/src/Illuminate/Database/Connection.php:760.  

   WARN  Stack trace:  

   WARN  #0 vendor/laravel/framework/src/Illuminate/View/Engines/PhpEngine.php(60): Illuminate\View\Engines\CompilerEngine->handleViewException(Object(Illuminate\View\ViewException), 1).  

   WARN  #1 vendor/laravel/framework/src/Illuminate/View/Engines/CompilerEngine.php(70): Illuminate\View\Engines\PhpEngine->evaluatePath('/Users/sanket/D...', Array).  

   WARN  #2 vendor/laravel/framework/src/Illuminate/View/View.php(195): Illuminate\View\Engines\CompilerEngine->get('/Users/sanket/D...', Array).  

   WARN  #3 vendor/laravel/framework/src/Illuminate/View/View.php(178): Illuminate\View\View->getContents().  

   WARN  #4 vendor/laravel/framework/src/Illuminate/View/View.php(147): Illuminate\View\View->renderContents().  

   WARN  #5 vendor/laravel/framework/src/Illuminate/Http/Response.php(69): Illuminate\View\View->render().  

   WARN  #6 vendor/laravel/framework/src/Illuminate/Http/Response.php(35): Illuminate\Http\Response->setContent(Object(Illuminate\View\View)).  

   WARN  #7 vendor/laravel/framework/src/Illuminate/Routing/ResponseFactory.php(57): Illuminate\Http\Response->__construct(Object(Illuminate\View\View), 500, Array).  

   WARN  #8 vendor/laravel/framework/src/Illuminate/Routing/ResponseFactory.php(87): Illuminate\Routing\ResponseFactory->make(Object(Illuminate\View\View), 500, Array).  

   WARN  #9 vendor/laravel/framework/src/Illuminate/Foundation/Exceptions/Handler.php(626): Illuminate\Routing\ResponseFactory->view('errors::500', Array, 500, Array).  

   WARN  #10 vendor/laravel/framework/src/Illuminate/Foundation/Exceptions/Handler.php(554): Illuminate\Foundation\Exceptions\Handler->renderHttpException(Object(Symfony\Component\HttpKernel\Exception\HttpException)).  

   WARN  #11 vendor/laravel/framework/src/Illuminate/Foundation/Exceptions/Handler.php(460): Illuminate\Foundation\Exceptions\Handler->prepareResponse(Object(Illuminate\Http\Request), Object(Symfony\Component\HttpKernel\Exception\HttpException)).  

   WARN  #12 vendor/laravel/framework/src/Illuminate/Foundation/Exceptions/Handler.php(377): Illuminate\Foundation\Exceptions\Handler->renderExceptionResponse(Object(Illuminate\Http\Request), Object(Symfony\Component\ErrorHandler\Error\FatalError)).  

   WARN  #13 app/Exceptions/Handler.php(53): Illuminate\Foundation\Exceptions\Handler->render(Object(Illuminate\Http\Request), Object(Symfony\Component\ErrorHandler\Error\FatalError)).  

   WARN  #14 vendor/laravel/framework/src/Illuminate/Foundation/Bootstrap/HandleExceptions.php(233): App\Exceptions\Handler->render(Object(Illuminate\Http\Request), Object(Symfony\Component\ErrorHandler\Error\FatalError)).  

   WARN  #15 vendor/laravel/framework/src/Illuminate/Foundation/Bootstrap/HandleExceptions.php(210): Illuminate\Foundation\Bootstrap\HandleExceptions->renderHttpResponse(Object(Symfony\Component\ErrorHandler\Error\FatalError)).  

   WARN  #16 vendor/laravel/framework/src/Illuminate/Foundation/Bootstrap/HandleExceptions.php(246): Illuminate\Foundation\Bootstrap\HandleExceptions->handleException(Object(Symfony\Component\ErrorHandler\Error\FatalError)).  

   WARN  #17 vendor/laravel/framework/src/Illuminate/Foundation/Bootstrap/HandleExceptions.php(270): Illuminate\Foundation\Bootstrap\HandleExceptions->handleShutdown().  

   WARN  #18 [internal function]: Illuminate\Foundation\Bootstrap\HandleExceptions->Illuminate\Foundation\Bootstrap\{closure}().  

   WARN  #19 {main}.  

   WARN  thrown in vendor/laravel/framework/src/Illuminate/Database/Connection.php on line 760.  

  2026-02-20 22:17:45 ................................ ~ 1s
  2026-02-20 22:17:43 .............................. ~ 131s
   WARN  PHP Fatal error: Uncaught PDOException: SQLSTATE[42S22]: Column not found: 1054 Unknown column 'status' in 'where clause' in vendor/laravel/framework/src/Illuminate/Database/Connection.php:414.  

   WARN  Stack trace:  

   WARN  #0 vendor/laravel/framework/src/Illuminate/Database/Connection.php(414): PDO->prepare('select * from `...').  

   WARN  #1 vendor/laravel/framework/src/Illuminate/Database/Connection.php(753): Illuminate\Database\Connection->Illuminate\Database\{closure}('select * from `...', Array).  

   WARN  #2 vendor/laravel/framework/src/Illuminate/Database/Connection.php(720): Illuminate\Database\Connection->runQueryCallback('select * from `...', Array, Object(Closure)).  

   WARN  #3 vendor/laravel/framework/src/Illuminate/Database/Connection.php(405): Illuminate\Database\Connection->run('select * from `...', Array, Object(Closure)).  

   WARN  #4 vendor/laravel/framework/src/Illuminate/Database/Query/Builder.php(2705): Illuminate\Database\Connection->select('select * from `...', Array, true).  

   WARN  #5 vendor/laravel/framework/src/Illuminate/Database/Query/Builder.php(2694): Illuminate\Database\Query\Builder->runSelect().  

   WARN  #6 vendor/laravel/framework/src/Illuminate/Database/Query/Builder.php(3230): Illuminate\Database\Query\Builder->Illuminate\Database\Query\{closure}().  

   WARN  #7 vendor/laravel/framework/src/Illuminate/Database/Query/Builder.php(2693): Illuminate\Database\Query\Builder->onceWithColumns(Array, Object(Closure)).  

   WARN  #8 vendor/laravel/framework/src/Illuminate/Database/Eloquent/Builder.php(710): Illuminate\Database\Query\Builder->get(Array).  

   WARN  #9 vendor/laravel/framework/src/Illuminate/Database/Eloquent/Builder.php(694): Illuminate\Database\Eloquent\Builder->getModels(Array).  

   WARN  #10 storage/framework/views/23518080ae7ee854b82ae47f2d950cf26ee2c831.php(44): Illuminate\Database\Eloquent\Builder->get().  

   WARN  #11 vendor/laravel/framework/src/Illuminate/Filesystem/Filesystem.php(109): require('/Users/sanket/D...').  

   WARN  #12 vendor/laravel/framework/src/Illuminate/Filesystem/Filesystem.php(110): Illuminate\Filesystem\Filesystem::Illuminate\Filesystem\{closure}().  

   WARN  #13 vendor/laravel/framework/src/Illuminate/View/Engines/PhpEngine.php(58): Illuminate\Filesystem\Filesystem->getRequire('/Users/sanket/D...', Array).  

   WARN  #14 vendor/laravel/framework/src/Illuminate/View/Engines/CompilerEngine.php(70): Illuminate\View\Engines\PhpEngine->evaluatePath('/Users/sanket/D...', Array).  

   WARN  #15 vendor/laravel/framework/src/Illuminate/View/View.php(195): Illuminate\View\Engines\CompilerEngine->get('/Users/sanket/D...', Array).  

   WARN  #16 vendor/laravel/framework/src/Illuminate/View/View.php(178): Illuminate\View\View->getContents().  

   WARN  #17 vendor/laravel/framework/src/Illuminate/View/View.php(147): Illuminate\View\View->renderContents().  

   WARN  #18 storage/framework/views/81a5e466783f04f6291855a5dd02b6586bebf502.php(175): Illuminate\View\View->render().  

   WARN  #19 vendor/laravel/framework/src/Illuminate/Filesystem/Filesystem.php(109): require('/Users/sanket/D...').  

   WARN  #20 vendor/laravel/framework/src/Illuminate/Filesystem/Filesystem.php(110): Illuminate\Filesystem\Filesystem::Illuminate\Filesystem\{closure}().  

   WARN  #21 vendor/laravel/framework/src/Illuminate/View/Engines/PhpEngine.php(58): Illuminate\Filesystem\Filesystem->getRequire('/Users/sanket/D...', Array).  

   WARN  #22 vendor/laravel/framework/src/Illuminate/View/Engines/CompilerEngine.php(70): Illuminate\View\Engines\PhpEngine->evaluatePath('/Users/sanket/D...', Array).  

   WARN  #23 vendor/laravel/framework/src/Illuminate/View/View.php(195): Illuminate\View\Engines\CompilerEngine->get('/Users/sanket/D...', Array).  

   WARN  #24 vendor/laravel/framework/src/Illuminate/View/View.php(178): Illuminate\View\View->getContents().  

   WARN  #25 vendor/laravel/framework/src/Illuminate/View/View.php(147): Illuminate\View\View->renderContents().  

   WARN  #26 storage/framework/views/9ffbb18b5434c05b2ce2f4116a39e1ab73e54eb4.php(17): Illuminate\View\View->render().  

   WARN  #27 vendor/laravel/framework/src/Illuminate/Filesystem/Filesystem.php(109): require('/Users/sanket/D...').  

   WARN  #28 vendor/laravel/framework/src/Illuminate/Filesystem/Filesystem.php(110): Illuminate\Filesystem\Filesystem::Illuminate\Filesystem\{closure}().  

   WARN  #29 vendor/laravel/framework/src/Illuminate/View/Engines/PhpEngine.php(58): Illuminate\Filesystem\Filesystem->getRequire('/Users/sanket/D...', Array).  

   WARN  #30 vendor/laravel/framework/src/Illuminate/View/Engines/CompilerEngine.php(70): Illuminate\View\Engines\PhpEngine->evaluatePath('/Users/sanket/D...', Array).  

   WARN  #31 vendor/laravel/framework/src/Illuminate/View/View.php(195): Illuminate\View\Engines\CompilerEngine->get('/Users/sanket/D...', Array).  

   WARN  #32 vendor/laravel/framework/src/Illuminate/View/View.php(178): Illuminate\View\View->getContents().  

   WARN  #33 vendor/laravel/framework/src/Illuminate/View/View.php(147): Illuminate\View\View->renderContents().  

   WARN  #34 vendor/laravel/framework/src/Illuminate/Http/Response.php(69): Illuminate\View\View->render().  

   WARN  #35 vendor/laravel/framework/src/Illuminate/Http/Response.php(35): Illuminate\Http\Response->setContent(Object(Illuminate\View\View)).  

   WARN  #36 vendor/laravel/framework/src/Illuminate/Routing/ResponseFactory.php(57): Illuminate\Http\Response->__construct(Object(Illuminate\View\View), 500, Array).  

   WARN  #37 vendor/laravel/framework/src/Illuminate/Routing/ResponseFactory.php(87): Illuminate\Routing\ResponseFactory->make(Object(Illuminate\View\View), 500, Array).  

   WARN  #38 vendor/laravel/framework/src/Illuminate/Foundation/Exceptions/Handler.php(626): Illuminate\Routing\ResponseFactory->view('errors::500', Array, 500, Array).  

   WARN  #39 vendor/laravel/framework/src/Illuminate/Foundation/Exceptions/Handler.php(554): Illuminate\Foundation\Exceptions\Handler->renderHttpException(Object(Symfony\Component\HttpKernel\Exception\HttpException)).  

   WARN  #40 vendor/laravel/framework/src/Illuminate/Foundation/Exceptions/Handler.php(460): Illuminate\Foundation\Exceptions\Handler->prepareResponse(Object(Illuminate\Http\Request), Object(Symfony\Component\HttpKernel\Exception\HttpException)).  

   WARN  #41 vendor/laravel/framework/src/Illuminate/Foundation/Exceptions/Handler.php(377): Illuminate\Foundation\Exceptions\Handler->renderExceptionResponse(Object(Illuminate\Http\Request), Object(Spatie\LaravelIgnition\Exceptions\ViewException)).  

   WARN  #42 app/Exceptions/Handler.php(53): Illuminate\Foundation\Exceptions\Handler->render(Object(Illuminate\Http\Request), Object(Spatie\LaravelIgnition\Exceptions\ViewException)).  

   WARN  #43 vendor/laravel/framework/src/Illuminate/Foundation/Bootstrap/HandleExceptions.php(233): App\Exceptions\Handler->render(Object(Illuminate\Http\Request), Object(Illuminate\View\ViewException)).  

   WARN  #44 vendor/laravel/framework/src/Illuminate/Foundation/Bootstrap/HandleExceptions.php(210): Illuminate\Foundation\Bootstrap\HandleExceptions->renderHttpResponse(Object(Illuminate\View\ViewException)).  

   WARN  #45 vendor/laravel/framework/src/Illuminate/Foundation/Bootstrap/HandleExceptions.php(270): Illuminate\Foundation\Bootstrap\HandleExceptions->handleException(Object(Illuminate\View\ViewException)).  

   WARN  #46 [internal function]: Illuminate\Foundation\Bootstrap\HandleExceptions->Illuminate\Foundation\Bootstrap\{closure}(Object(Illuminate\View\ViewException)).  

   WARN  #47 {main}.  

   WARN  Next Illuminate\Database\QueryException: SQLSTATE[42S22]: Column not found: 1054 Unknown column 'status' in 'where clause' (SQL: select * from `languages` where `status` = 1 and `languages`.`deleted_at` is null) in vendor/laravel/framework/src/Illuminate/Database/Connection.php:760.  

   WARN  Stack trace:  

   WARN  #0 vendor/laravel/framework/src/Illuminate/Database/Connection.php(720): Illuminate\Database\Connection->runQueryCallback('select * from `...', Array, Object(Closure)).  

   WARN  #1 vendor/laravel/framework/src/Illuminate/Database/Connection.php(405): Illuminate\Database\Connection->run('select * from `...', Array, Object(Closure)).  

   WARN  #2 vendor/laravel/framework/src/Illuminate/Database/Query/Builder.php(2705): Illuminate\Database\Connection->select('select * from `...', Array, true).  

   WARN  #3 vendor/laravel/framework/src/Illuminate/Database/Query/Builder.php(2694): Illuminate\Database\Query\Builder->runSelect().  

   WARN  #4 vendor/laravel/framework/src/Illuminate/Database/Query/Builder.php(3230): Illuminate\Database\Query\Builder->Illuminate\Database\Query\{closure}().  

   WARN  #5 vendor/laravel/framework/src/Illuminate/Database/Query/Builder.php(2693): Illuminate\Database\Query\Builder->onceWithColumns(Array, Object(Closure)).  

   WARN  #6 vendor/laravel/framework/src/Illuminate/Database/Eloquent/Builder.php(710): Illuminate\Database\Query\Builder->get(Array).  

   WARN  #7 vendor/laravel/framework/src/Illuminate/Database/Eloquent/Builder.php(694): Illuminate\Database\Eloquent\Builder->getModels(Array).  

   WARN  #8 storage/framework/views/23518080ae7ee854b82ae47f2d950cf26ee2c831.php(44): Illuminate\Database\Eloquent\Builder->get().  

   WARN  #9 vendor/laravel/framework/src/Illuminate/Filesystem/Filesystem.php(109): require('/Users/sanket/D...').  

   WARN  #10 vendor/laravel/framework/src/Illuminate/Filesystem/Filesystem.php(110): Illuminate\Filesystem\Filesystem::Illuminate\Filesystem\{closure}().  

   WARN  #11 vendor/laravel/framework/src/Illuminate/View/Engines/PhpEngine.php(58): Illuminate\Filesystem\Filesystem->getRequire('/Users/sanket/D...', Array).  

   WARN  #12 vendor/laravel/framework/src/Illuminate/View/Engines/CompilerEngine.php(70): Illuminate\View\Engines\PhpEngine->evaluatePath('/Users/sanket/D...', Array).  

   WARN  #13 vendor/laravel/framework/src/Illuminate/View/View.php(195): Illuminate\View\Engines\CompilerEngine->get('/Users/sanket/D...', Array).  

   WARN  #14 vendor/laravel/framework/src/Illuminate/View/View.php(178): Illuminate\View\View->getContents().  

   WARN  #15 vendor/laravel/framework/src/Illuminate/View/View.php(147): Illuminate\View\View->renderContents().  

   WARN  #16 storage/framework/views/81a5e466783f04f6291855a5dd02b6586bebf502.php(175): Illuminate\View\View->render().  

   WARN  #17 vendor/laravel/framework/src/Illuminate/Filesystem/Filesystem.php(109): require('/Users/sanket/D...').  

   WARN  #18 vendor/laravel/framework/src/Illuminate/Filesystem/Filesystem.php(110): Illuminate\Filesystem\Filesystem::Illuminate\Filesystem\{closure}().  

   WARN  #19 vendor/laravel/framework/src/Illuminate/View/Engines/PhpEngine.php(58): Illuminate\Filesystem\Filesystem->getRequire('/Users/sanket/D...', Array).  

   WARN  #20 vendor/laravel/framework/src/Illuminate/View/Engines/CompilerEngine.php(70): Illuminate\View\Engines\PhpEngine->evaluatePath('/Users/sanket/D...', Array).  

   WARN  #21 vendor/laravel/framework/src/Illuminate/View/View.php(195): Illuminate\View\Engines\CompilerEngine->get('/Users/sanket/D...', Array).  

   WARN  #22 vendor/laravel/framework/src/Illuminate/View/View.php(178): Illuminate\View\View->getContents().  

   WARN  #23 vendor/laravel/framework/src/Illuminate/View/View.php(147): Illuminate\View\View->renderContents().  

   WARN  #24 storage/framework/views/9ffbb18b5434c05b2ce2f4116a39e1ab73e54eb4.php(17): Illuminate\View\View->render().  

   WARN  #25 vendor/laravel/framework/src/Illuminate/Filesystem/Filesystem.php(109): require('/Users/sanket/D...').  

   WARN  #26 vendor/laravel/framework/src/Illuminate/Filesystem/Filesystem.php(110): Illuminate\Filesystem\Filesystem::Illuminate\Filesystem\{closure}().  

   WARN  #27 vendor/laravel/framework/src/Illuminate/View/Engines/PhpEngine.php(58): Illuminate\Filesystem\Filesystem->getRequire('/Users/sanket/D...', Array).  

   WARN  #28 vendor/laravel/framework/src/Illuminate/View/Engines/CompilerEngine.php(70): Illuminate\View\Engines\PhpEngine->evaluatePath('/Users/sanket/D...', Array).  

   WARN  #29 vendor/laravel/framework/src/Illuminate/View/View.php(195): Illuminate\View\Engines\CompilerEngine->get('/Users/sanket/D...', Array).  

   WARN  #30 vendor/laravel/framework/src/Illuminate/View/View.php(178): Illuminate\View\View->getContents().  

   WARN  #31 vendor/laravel/framework/src/Illuminate/View/View.php(147): Illuminate\View\View->renderContents().  

   WARN  #32 vendor/laravel/framework/src/Illuminate/Http/Response.php(69): Illuminate\View\View->render().  

   WARN  #33 vendor/laravel/framework/src/Illuminate/Http/Response.php(35): Illuminate\Http\Response->setContent(Object(Illuminate\View\View)).  

   WARN  #34 vendor/laravel/framework/src/Illuminate/Routing/ResponseFactory.php(57): Illuminate\Http\Response->__construct(Object(Illuminate\View\View), 500, Array).  

   WARN  #35 vendor/laravel/framework/src/Illuminate/Routing/ResponseFactory.php(87): Illuminate\Routing\ResponseFactory->make(Object(Illuminate\View\View), 500, Array).  

   WARN  #36 vendor/laravel/framework/src/Illuminate/Foundation/Exceptions/Handler.php(626): Illuminate\Routing\ResponseFactory->view('errors::500', Array, 500, Array).  

   WARN  #37 vendor/laravel/framework/src/Illuminate/Foundation/Exceptions/Handler.php(554): Illuminate\Foundation\Exceptions\Handler->renderHttpException(Object(Symfony\Component\HttpKernel\Exception\HttpException)).  

   WARN  #38 vendor/laravel/framework/src/Illuminate/Foundation/Exceptions/Handler.php(460): Illuminate\Foundation\Exceptions\Handler->prepareResponse(Object(Illuminate\Http\Request), Object(Symfony\Component\HttpKernel\Exception\HttpException)).  

   WARN  #39 vendor/laravel/framework/src/Illuminate/Foundation/Exceptions/Handler.php(377): Illuminate\Foundation\Exceptions\Handler->renderExceptionResponse(Object(Illuminate\Http\Request), Object(Spatie\LaravelIgnition\Exceptions\ViewException)).  

   WARN  #40 app/Exceptions/Handler.php(53): Illuminate\Foundation\Exceptions\Handler->render(Object(Illuminate\Http\Request), Object(Spatie\LaravelIgnition\Exceptions\ViewException)).  

   WARN  #41 vendor/laravel/framework/src/Illuminate/Foundation/Bootstrap/HandleExceptions.php(233): App\Exceptions\Handler->render(Object(Illuminate\Http\Request), Object(Illuminate\View\ViewException)).  

   WARN  #42 vendor/laravel/framework/src/Illuminate/Foundation/Bootstrap/HandleExceptions.php(210): Illuminate\Foundation\Bootstrap\HandleExceptions->renderHttpResponse(Object(Illuminate\View\ViewException)).  

   WARN  #43 vendor/laravel/framework/src/Illuminate/Foundation/Bootstrap/HandleExceptions.php(270): Illuminate\Foundation\Bootstrap\HandleExceptions->handleException(Object(Illuminate\View\ViewException)).  

   WARN  #44 [internal function]: Illuminate\Foundation\Bootstrap\HandleExceptions->Illuminate\Foundation\Bootstrap\{closure}(Object(Illuminate\View\ViewException)).  

   WARN  #45 {main}.  

   WARN  Next Illuminate\View\ViewException: SQLSTATE[42S22]: Column not found: 1054 Unknown column 'status' in 'where clause' (SQL: select * from `languages` where `status` = 1 and `languages`.`deleted_at` is null) (View: resources/views/frontend/inc/header.blade.php) in vendor/laravel/framework/src/Illuminate/Database/Connection.php:760.  

   WARN  Stack trace:  

   WARN  #0 vendor/laravel/framework/src/Illuminate/View/Engines/PhpEngine.php(60): Illuminate\View\Engines\CompilerEngine->handleViewException(Object(Illuminate\Database\QueryException), 3).  

   WARN  #1 vendor/laravel/framework/src/Illuminate/View/Engines/CompilerEngine.php(70): Illuminate\View\Engines\PhpEngine->evaluatePath('/Users/sanket/D...', Array).  

   WARN  #2 vendor/laravel/framework/src/Illuminate/View/View.php(195): Illuminate\View\Engines\CompilerEngine->get('/Users/sanket/D...', Array).  

   WARN  #3 vendor/laravel/framework/src/Illuminate/View/View.php(178): Illuminate\View\View->getContents().  

   WARN  #4 vendor/laravel/framework/src/Illuminate/View/View.php(147): Illuminate\View\View->renderContents().  

   WARN  #5 storage/framework/views/81a5e466783f04f6291855a5dd02b6586bebf502.php(175): Illuminate\View\View->render().  

   WARN  #6 vendor/laravel/framework/src/Illuminate/Filesystem/Filesystem.php(109): require('/Users/sanket/D...').  

   WARN  #7 vendor/laravel/framework/src/Illuminate/Filesystem/Filesystem.php(110): Illuminate\Filesystem\Filesystem::Illuminate\Filesystem\{closure}().  

   WARN  #8 vendor/laravel/framework/src/Illuminate/View/Engines/PhpEngine.php(58): Illuminate\Filesystem\Filesystem->getRequire('/Users/sanket/D...', Array).  

   WARN  #9 vendor/laravel/framework/src/Illuminate/View/Engines/CompilerEngine.php(70): Illuminate\View\Engines\PhpEngine->evaluatePath('/Users/sanket/D...', Array).  

   WARN  #10 vendor/laravel/framework/src/Illuminate/View/View.php(195): Illuminate\View\Engines\CompilerEngine->get('/Users/sanket/D...', Array).  

   WARN  #11 vendor/laravel/framework/src/Illuminate/View/View.php(178): Illuminate\View\View->getContents().  

   WARN  #12 vendor/laravel/framework/src/Illuminate/View/View.php(147): Illuminate\View\View->renderContents().  

   WARN  #13 storage/framework/views/9ffbb18b5434c05b2ce2f4116a39e1ab73e54eb4.php(17): Illuminate\View\View->render().  

   WARN  #14 vendor/laravel/framework/src/Illuminate/Filesystem/Filesystem.php(109): require('/Users/sanket/D...').  

   WARN  #15 vendor/laravel/framework/src/Illuminate/Filesystem/Filesystem.php(110): Illuminate\Filesystem\Filesystem::Illuminate\Filesystem\{closure}().  

   WARN  #16 vendor/laravel/framework/src/Illuminate/View/Engines/PhpEngine.php(58): Illuminate\Filesystem\Filesystem->getRequire('/Users/sanket/D...', Array).  

   WARN  #17 vendor/laravel/framework/src/Illuminate/View/Engines/CompilerEngine.php(70): Illuminate\View\Engines\PhpEngine->evaluatePath('/Users/sanket/D...', Array).  

   WARN  #18 vendor/laravel/framework/src/Illuminate/View/View.php(195): Illuminate\View\Engines\CompilerEngine->get('/Users/sanket/D...', Array).  

   WARN  #19 vendor/laravel/framework/src/Illuminate/View/View.php(178): Illuminate\View\View->getContents().  

   WARN  #20 vendor/laravel/framework/src/Illuminate/View/View.php(147): Illuminate\View\View->renderContents().  

   WARN  #21 vendor/laravel/framework/src/Illuminate/Http/Response.php(69): Illuminate\View\View->render().  

   WARN  #22 vendor/laravel/framework/src/Illuminate/Http/Response.php(35): Illuminate\Http\Response->setContent(Object(Illuminate\View\View)).  

   WARN  #23 vendor/laravel/framework/src/Illuminate/Routing/ResponseFactory.php(57): Illuminate\Http\Response->__construct(Object(Illuminate\View\View), 500, Array).  

   WARN  #24 vendor/laravel/framework/src/Illuminate/Routing/ResponseFactory.php(87): Illuminate\Routing\ResponseFactory->make(Object(Illuminate\View\View), 500, Array).  

   WARN  #25 vendor/laravel/framework/src/Illuminate/Foundation/Exceptions/Handler.php(626): Illuminate\Routing\ResponseFactory->view('errors::500', Array, 500, Array).  

   WARN  #26 vendor/laravel/framework/src/Illuminate/Foundation/Exceptions/Handler.php(554): Illuminate\Foundation\Exceptions\Handler->renderHttpException(Object(Symfony\Component\HttpKernel\Exception\HttpException)).  

   WARN  #27 vendor/laravel/framework/src/Illuminate/Foundation/Exceptions/Handler.php(460): Illuminate\Foundation\Exceptions\Handler->prepareResponse(Object(Illuminate\Http\Request), Object(Symfony\Component\HttpKernel\Exception\HttpException)).  

   WARN  #28 vendor/laravel/framework/src/Illuminate/Foundation/Exceptions/Handler.php(377): Illuminate\Foundation\Exceptions\Handler->renderExceptionResponse(Object(Illuminate\Http\Request), Object(Spatie\LaravelIgnition\Exceptions\ViewException)).  

   WARN  #29 app/Exceptions/Handler.php(53): Illuminate\Foundation\Exceptions\Handler->render(Object(Illuminate\Http\Request), Object(Spatie\LaravelIgnition\Exceptions\ViewException)).  

   WARN  #30 vendor/laravel/framework/src/Illuminate/Foundation/Bootstrap/HandleExceptions.php(233): App\Exceptions\Handler->render(Object(Illuminate\Http\Request), Object(Illuminate\View\ViewException)).  

   WARN  #31 vendor/laravel/framework/src/Illuminate/Foundation/Bootstrap/HandleExceptions.php(210): Illuminate\Foundation\Bootstrap\HandleExceptions->renderHttpResponse(Object(Illuminate\View\ViewException)).  

   WARN  #32 vendor/laravel/framework/src/Illuminate/Foundation/Bootstrap/HandleExceptions.php(270): Illuminate\Foundation\Bootstrap\HandleExceptions->handleException(Object(Illuminate\View\ViewException)).  

   WARN  #33 [internal function]: Illuminate\Foundation\Bootstrap\HandleExceptions->Illuminate\Foundation\Bootstrap\{closure}(Object(Illuminate\View\ViewException)).  

   WARN  #34 {main}.  

   WARN  Next Illuminate\View\ViewException: SQLSTATE[42S22]: Column not found: 1054 Unknown column 'status' in 'where clause' (SQL: select * from `languages` where `status` = 1 and `languages`.`deleted_at` is null) (View: resources/views/frontend/inc/header.blade.php) (View: resources/views/frontend/inc/header.blade.php) in vendor/laravel/framework/src/Illuminate/Database/Connection.php:760.  

   WARN  Stack trace:  

   WARN  #0 vendor/laravel/framework/src/Illuminate/View/Engines/PhpEngine.php(60): Illuminate\View\Engines\CompilerEngine->handleViewException(Object(Illuminate\View\ViewException), 2).  

   WARN  #1 vendor/laravel/framework/src/Illuminate/View/Engines/CompilerEngine.php(70): Illuminate\View\Engines\PhpEngine->evaluatePath('/Users/sanket/D...', Array).  

   WARN  #2 vendor/laravel/framework/src/Illuminate/View/View.php(195): Illuminate\View\Engines\CompilerEngine->get('/Users/sanket/D...', Array).  

   WARN  #3 vendor/laravel/framework/src/Illuminate/View/View.php(178): Illuminate\View\View->getContents().  

   WARN  #4 vendor/laravel/framework/src/Illuminate/View/View.php(147): Illuminate\View\View->renderContents().  

   WARN  #5 storage/framework/views/9ffbb18b5434c05b2ce2f4116a39e1ab73e54eb4.php(17): Illuminate\View\View->render().  

   WARN  #6 vendor/laravel/framework/src/Illuminate/Filesystem/Filesystem.php(109): require('/Users/sanket/D...').  

   WARN  #7 vendor/laravel/framework/src/Illuminate/Filesystem/Filesystem.php(110): Illuminate\Filesystem\Filesystem::Illuminate\Filesystem\{closure}().  

   WARN  #8 vendor/laravel/framework/src/Illuminate/View/Engines/PhpEngine.php(58): Illuminate\Filesystem\Filesystem->getRequire('/Users/sanket/D...', Array).  

   WARN  #9 vendor/laravel/framework/src/Illuminate/View/Engines/CompilerEngine.php(70): Illuminate\View\Engines\PhpEngine->evaluatePath('/Users/sanket/D...', Array).  

   WARN  #10 vendor/laravel/framework/src/Illuminate/View/View.php(195): Illuminate\View\Engines\CompilerEngine->get('/Users/sanket/D...', Array).  

   WARN  #11 vendor/laravel/framework/src/Illuminate/View/View.php(178): Illuminate\View\View->getContents().  

   WARN  #12 vendor/laravel/framework/src/Illuminate/View/View.php(147): Illuminate\View\View->renderContents().  

   WARN  #13 vendor/laravel/framework/src/Illuminate/Http/Response.php(69): Illuminate\View\View->render().  

   WARN  #14 vendor/laravel/framework/src/Illuminate/Http/Response.php(35): Illuminate\Http\Response->setContent(Object(Illuminate\View\View)).  

   WARN  #15 vendor/laravel/framework/src/Illuminate/Routing/ResponseFactory.php(57): Illuminate\Http\Response->__construct(Object(Illuminate\View\View), 500, Array).  

   WARN  #16 vendor/laravel/framework/src/Illuminate/Routing/ResponseFactory.php(87): Illuminate\Routing\ResponseFactory->make(Object(Illuminate\View\View), 500, Array).  

   WARN  #17 vendor/laravel/framework/src/Illuminate/Foundation/Exceptions/Handler.php(626): Illuminate\Routing\ResponseFactory->view('errors::500', Array, 500, Array).  

   WARN  #18 vendor/laravel/framework/src/Illuminate/Foundation/Exceptions/Handler.php(554): Illuminate\Foundation\Exceptions\Handler->renderHttpException(Object(Symfony\Component\HttpKernel\Exception\HttpException)).  

   WARN  #19 vendor/laravel/framework/src/Illuminate/Foundation/Exceptions/Handler.php(460): Illuminate\Foundation\Exceptions\Handler->prepareResponse(Object(Illuminate\Http\Request), Object(Symfony\Component\HttpKernel\Exception\HttpException)).  

   WARN  #20 vendor/laravel/framework/src/Illuminate/Foundation/Exceptions/Handler.php(377): Illuminate\Foundation\Exceptions\Handler->renderExceptionResponse(Object(Illuminate\Http\Request), Object(Spatie\LaravelIgnition\Exceptions\ViewException)).  

   WARN  #21 app/Exceptions/Handler.php(53): Illuminate\Foundation\Exceptions\Handler->render(Object(Illuminate\Http\Request), Object(Spatie\LaravelIgnition\Exceptions\ViewException)).  

   WARN  #22 vendor/laravel/framework/src/Illuminate/Foundation/Bootstrap/HandleExceptions.php(233): App\Exceptions\Handler->render(Object(Illuminate\Http\Request), Object(Illuminate\View\ViewException)).  

   WARN  #23 vendor/laravel/framework/src/Illuminate/Foundation/Bootstrap/HandleExceptions.php(210): Illuminate\Foundation\Bootstrap\HandleExceptions->renderHttpResponse(Object(Illuminate\View\ViewException)).  

   WARN  #24 vendor/laravel/framework/src/Illuminate/Foundation/Bootstrap/HandleExceptions.php(270): Illuminate\Foundation\Bootstrap\HandleExceptions->handleException(Object(Illuminate\View\ViewException)).  

   WARN  #25 [internal function]: Illuminate\Foundation\Bootstrap\HandleExceptions->Illuminate\Foundation\Bootstrap\{closure}(Object(Illuminate\View\ViewException)).  

   WARN  #26 {main}.  

   WARN  Next Illuminate\View\ViewException: SQLSTATE[42S22]: Column not found: 1054 Unknown column 'status' in 'where clause' (SQL: select * from `languages` where `status` = 1 and `languages`.`deleted_at` is null) (View: resources/views/frontend/inc/header.blade.php) (View: resources/views/frontend/inc/header.blade.php) (View: resources/views/frontend/inc/header.blade.php) in vendor/laravel/framework/src/Illuminate/Database/Connection.php:760.  

   WARN  Stack trace:  

   WARN  #0 vendor/laravel/framework/src/Illuminate/View/Engines/PhpEngine.php(60): Illuminate\View\Engines\CompilerEngine->handleViewException(Object(Illuminate\View\ViewException), 1).  

   WARN  #1 vendor/laravel/framework/src/Illuminate/View/Engines/CompilerEngine.php(70): Illuminate\View\Engines\PhpEngine->evaluatePath('/Users/sanket/D...', Array).  

   WARN  #2 vendor/laravel/framework/src/Illuminate/View/View.php(195): Illuminate\View\Engines\CompilerEngine->get('/Users/sanket/D...', Array).  

   WARN  #3 vendor/laravel/framework/src/Illuminate/View/View.php(178): Illuminate\View\View->getContents().  

   WARN  #4 vendor/laravel/framework/src/Illuminate/View/View.php(147): Illuminate\View\View->renderContents().  

   WARN  #5 vendor/laravel/framework/src/Illuminate/Http/Response.php(69): Illuminate\View\View->render().  

   WARN  #6 vendor/laravel/framework/src/Illuminate/Http/Response.php(35): Illuminate\Http\Response->setContent(Object(Illuminate\View\View)).  

   WARN  #7 vendor/laravel/framework/src/Illuminate/Routing/ResponseFactory.php(57): Illuminate\Http\Response->__construct(Object(Illuminate\View\View), 500, Array).  

   WARN  #8 vendor/laravel/framework/src/Illuminate/Routing/ResponseFactory.php(87): Illuminate\Routing\ResponseFactory->make(Object(Illuminate\View\View), 500, Array).  

   WARN  #9 vendor/laravel/framework/src/Illuminate/Foundation/Exceptions/Handler.php(626): Illuminate\Routing\ResponseFactory->view('errors::500', Array, 500, Array).  

   WARN  #10 vendor/laravel/framework/src/Illuminate/Foundation/Exceptions/Handler.php(554): Illuminate\Foundation\Exceptions\Handler->renderHttpException(Object(Symfony\Component\HttpKernel\Exception\HttpException)).  

   WARN  #11 vendor/laravel/framework/src/Illuminate/Foundation/Exceptions/Handler.php(460): Illuminate\Foundation\Exceptions\Handler->prepareResponse(Object(Illuminate\Http\Request), Object(Symfony\Component\HttpKernel\Exception\HttpException)).  

   WARN  #12 vendor/laravel/framework/src/Illuminate/Foundation/Exceptions/Handler.php(377): Illuminate\Foundation\Exceptions\Handler->renderExceptionResponse(Object(Illuminate\Http\Request), Object(Spatie\LaravelIgnition\Exceptions\ViewException)).  

   WARN  #13 app/Exceptions/Handler.php(53): Illuminate\Foundation\Exceptions\Handler->render(Object(Illuminate\Http\Request), Object(Spatie\LaravelIgnition\Exceptions\ViewException)).  

   WARN  #14 vendor/laravel/framework/src/Illuminate/Foundation/Bootstrap/HandleExceptions.php(233): App\Exceptions\Handler->render(Object(Illuminate\Http\Request), Object(Illuminate\View\ViewException)).  

   WARN  #15 vendor/laravel/framework/src/Illuminate/Foundation/Bootstrap/HandleExceptions.php(210): Illuminate\Foundation\Bootstrap\HandleExceptions->renderHttpResponse(Object(Illuminate\View\ViewException)).  

   WARN  #16 vendor/laravel/framework/src/Illuminate/Foundation/Bootstrap/HandleExceptions.php(270): Illuminate\Foundation\Bootstrap\HandleExceptions->handleException(Object(Illuminate\View\ViewException)).  

   WARN  #17 [internal function]: Illuminate\Foundation\Bootstrap\HandleExceptions->Illuminate\Foundation\Bootstrap\{closure}(Object(Illuminate\View\ViewException)).  

   WARN  #18 {main}.  

   WARN  thrown in vendor/laravel/framework/src/Illuminate/Database/Connection.php on line 760.  

   WARN  PHP Fatal error: Uncaught PDOException: SQLSTATE[42S22]: Column not found: 1054 Unknown column 'status' in 'where clause' in vendor/laravel/framework/src/Illuminate/Database/Connection.php:414.  

   WARN  Stack trace:  

   WARN  #0 vendor/laravel/framework/src/Illuminate/Database/Connection.php(414): PDO->prepare('select * from `...').  

   WARN  #1 vendor/laravel/framework/src/Illuminate/Database/Connection.php(753): Illuminate\Database\Connection->Illuminate\Database\{closure}('select * from `...', Array).  

   WARN  #2 vendor/laravel/framework/src/Illuminate/Database/Connection.php(720): Illuminate\Database\Connection->runQueryCallback('select * from `...', Array, Object(Closure)).  

   WARN  #3 vendor/laravel/framework/src/Illuminate/Database/Connection.php(405): Illuminate\Database\Connection->run('select * from `...', Array, Object(Closure)).  

   WARN  #4 vendor/laravel/framework/src/Illuminate/Database/Query/Builder.php(2705): Illuminate\Database\Connection->select('select * from `...', Array, true).  

   WARN  #5 vendor/laravel/framework/src/Illuminate/Database/Query/Builder.php(2694): Illuminate\Database\Query\Builder->runSelect().  

   WARN  #6 vendor/laravel/framework/src/Illuminate/Database/Query/Builder.php(3230): Illuminate\Database\Query\Builder->Illuminate\Database\Query\{closure}().  

   WARN  #7 vendor/laravel/framework/src/Illuminate/Database/Query/Builder.php(2693): Illuminate\Database\Query\Builder->onceWithColumns(Array, Object(Closure)).  

   WARN  #8 vendor/laravel/framework/src/Illuminate/Database/Eloquent/Builder.php(710): Illuminate\Database\Query\Builder->get(Array).  

   WARN  #9 vendor/laravel/framework/src/Illuminate/Database/Eloquent/Builder.php(694): Illuminate\Database\Eloquent\Builder->getModels(Array).  

   WARN  #10 storage/framework/views/23518080ae7ee854b82ae47f2d950cf26ee2c831.php(44): Illuminate\Database\Eloquent\Builder->get().  

   WARN  #11 vendor/laravel/framework/src/Illuminate/Filesystem/Filesystem.php(109): require('/Users/sanket/D...').  

   WARN  #12 vendor/laravel/framework/src/Illuminate/Filesystem/Filesystem.php(110): Illuminate\Filesystem\Filesystem::Illuminate\Filesystem\{closure}().  

   WARN  #13 vendor/laravel/framework/src/Illuminate/View/Engines/PhpEngine.php(58): Illuminate\Filesystem\Filesystem->getRequire('/Users/sanket/D...', Array).  

   WARN  #14 vendor/laravel/framework/src/Illuminate/View/Engines/CompilerEngine.php(70): Illuminate\View\Engines\PhpEngine->evaluatePath('/Users/sanket/D...', Array).  

   WARN  #15 vendor/laravel/framework/src/Illuminate/View/View.php(195): Illuminate\View\Engines\CompilerEngine->get('/Users/sanket/D...', Array).  

   WARN  #16 vendor/laravel/framework/src/Illuminate/View/View.php(178): Illuminate\View\View->getContents().  

   WARN  #17 vendor/laravel/framework/src/Illuminate/View/View.php(147): Illuminate\View\View->renderContents().  

   WARN  #18 storage/framework/views/81a5e466783f04f6291855a5dd02b6586bebf502.php(175): Illuminate\View\View->render().  

   WARN  #19 vendor/laravel/framework/src/Illuminate/Filesystem/Filesystem.php(109): require('/Users/sanket/D...').  

   WARN  #20 vendor/laravel/framework/src/Illuminate/Filesystem/Filesystem.php(110): Illuminate\Filesystem\Filesystem::Illuminate\Filesystem\{closure}().  

   WARN  #21 vendor/laravel/framework/src/Illuminate/View/Engines/PhpEngine.php(58): Illuminate\Filesystem\Filesystem->getRequire('/Users/sanket/D...', Array).  

   WARN  #22 vendor/laravel/framework/src/Illuminate/View/Engines/CompilerEngine.php(70): Illuminate\View\Engines\PhpEngine->evaluatePath('/Users/sanket/D...', Array).  

   WARN  #23 vendor/laravel/framework/src/Illuminate/View/View.php(195): Illuminate\View\Engines\CompilerEngine->get('/Users/sanket/D...', Array).  

   WARN  #24 vendor/laravel/framework/src/Illuminate/View/View.php(178): Illuminate\View\View->getContents().  

   WARN  #25 vendor/laravel/framework/src/Illuminate/View/View.php(147): Illuminate\View\View->renderContents().  

   WARN  #26 storage/framework/views/9ffbb18b5434c05b2ce2f4116a39e1ab73e54eb4.php(17): Illuminate\View\View->render().  

   WARN  #27 vendor/laravel/framework/src/Illuminate/Filesystem/Filesystem.php(109): require('/Users/sanket/D...').  

   WARN  #28 vendor/laravel/framework/src/Illuminate/Filesystem/Filesystem.php(110): Illuminate\Filesystem\Filesystem::Illuminate\Filesystem\{closure}().  

   WARN  #29 vendor/laravel/framework/src/Illuminate/View/Engines/PhpEngine.php(58): Illuminate\Filesystem\Filesystem->getRequire('/Users/sanket/D...', Array).  

   WARN  #30 vendor/laravel/framework/src/Illuminate/View/Engines/CompilerEngine.php(70): Illuminate\View\Engines\PhpEngine->evaluatePath('/Users/sanket/D...', Array).  

   WARN  #31 vendor/laravel/framework/src/Illuminate/View/View.php(195): Illuminate\View\Engines\CompilerEngine->get('/Users/sanket/D...', Array).  

   WARN  #32 vendor/laravel/framework/src/Illuminate/View/View.php(178): Illuminate\View\View->getContents().  

   WARN  #33 vendor/laravel/framework/src/Illuminate/View/View.php(147): Illuminate\View\View->renderContents().  

   WARN  #34 vendor/laravel/framework/src/Illuminate/Http/Response.php(69): Illuminate\View\View->render().  

   WARN  #35 vendor/laravel/framework/src/Illuminate/Http/Response.php(35): Illuminate\Http\Response->setContent(Object(Illuminate\View\View)).  

   WARN  #36 vendor/laravel/framework/src/Illuminate/Routing/ResponseFactory.php(57): Illuminate\Http\Response->__construct(Object(Illuminate\View\View), 500, Array).  

   WARN  #37 vendor/laravel/framework/src/Illuminate/Routing/ResponseFactory.php(87): Illuminate\Routing\ResponseFactory->make(Object(Illuminate\View\View), 500, Array).  

   WARN  #38 vendor/laravel/framework/src/Illuminate/Foundation/Exceptions/Handler.php(626): Illuminate\Routing\ResponseFactory->view('errors::500', Array, 500, Array).  

   WARN  #39 vendor/laravel/framework/src/Illuminate/Foundation/Exceptions/Handler.php(554): Illuminate\Foundation\Exceptions\Handler->renderHttpException(Object(Symfony\Component\HttpKernel\Exception\HttpException)).  

   WARN  #40 vendor/laravel/framework/src/Illuminate/Foundation/Exceptions/Handler.php(460): Illuminate\Foundation\Exceptions\Handler->prepareResponse(Object(Illuminate\Http\Request), Object(Symfony\Component\HttpKernel\Exception\HttpException)).  

   WARN  #41 vendor/laravel/framework/src/Illuminate/Foundation/Exceptions/Handler.php(377): Illuminate\Foundation\Exceptions\Handler->renderExceptionResponse(Object(Illuminate\Http\Request), Object(Symfony\Component\ErrorHandler\Error\FatalError)).  

   WARN  #42 app/Exceptions/Handler.php(53): Illuminate\Foundation\Exceptions\Handler->render(Object(Illuminate\Http\Request), Object(Symfony\Component\ErrorHandler\Error\FatalError)).  

   WARN  #43 vendor/laravel/framework/src/Illuminate/Foundation/Bootstrap/HandleExceptions.php(233): App\Exceptions\Handler->render(Object(Illuminate\Http\Request), Object(Symfony\Component\ErrorHandler\Error\FatalError)).  

   WARN  #44 vendor/laravel/framework/src/Illuminate/Foundation/Bootstrap/HandleExceptions.php(210): Illuminate\Foundation\Bootstrap\HandleExceptions->renderHttpResponse(Object(Symfony\Component\ErrorHandler\Error\FatalError)).  

   WARN  #45 vendor/laravel/framework/src/Illuminate/Foundation/Bootstrap/HandleExceptions.php(246): Illuminate\Foundation\Bootstrap\HandleExceptions->handleException(Object(Symfony\Component\ErrorHandler\Error\FatalError)).  

   WARN  #46 vendor/laravel/framework/src/Illuminate/Foundation/Bootstrap/HandleExceptions.php(270): Illuminate\Foundation\Bootstrap\HandleExceptions->handleShutdown().  

   WARN  #47 [internal function]: Illuminate\Foundation\Bootstrap\HandleExceptions->Illuminate\Foundation\Bootstrap\{closure}().  

   WARN  #48 {main}.  

   WARN  Next Illuminate\Database\QueryException: SQLSTATE[42S22]: Column not found: 1054 Unknown column 'status' in 'where clause' (SQL: select * from `languages` where `status` = 1 and `languages`.`deleted_at` is null) in vendor/laravel/framework/src/Illuminate/Database/Connection.php:760.  

   WARN  Stack trace:  

   WARN  #0 vendor/laravel/framework/src/Illuminate/Database/Connection.php(720): Illuminate\Database\Connection->runQueryCallback('select * from `...', Array, Object(Closure)).  

   WARN  #1 vendor/laravel/framework/src/Illuminate/Database/Connection.php(405): Illuminate\Database\Connection->run('select * from `...', Array, Object(Closure)).  

   WARN  #2 vendor/laravel/framework/src/Illuminate/Database/Query/Builder.php(2705): Illuminate\Database\Connection->select('select * from `...', Array, true).  

   WARN  #3 vendor/laravel/framework/src/Illuminate/Database/Query/Builder.php(2694): Illuminate\Database\Query\Builder->runSelect().  

   WARN  #4 vendor/laravel/framework/src/Illuminate/Database/Query/Builder.php(3230): Illuminate\Database\Query\Builder->Illuminate\Database\Query\{closure}().  

   WARN  #5 vendor/laravel/framework/src/Illuminate/Database/Query/Builder.php(2693): Illuminate\Database\Query\Builder->onceWithColumns(Array, Object(Closure)).  

   WARN  #6 vendor/laravel/framework/src/Illuminate/Database/Eloquent/Builder.php(710): Illuminate\Database\Query\Builder->get(Array).  

   WARN  #7 vendor/laravel/framework/src/Illuminate/Database/Eloquent/Builder.php(694): Illuminate\Database\Eloquent\Builder->getModels(Array).  

   WARN  #8 storage/framework/views/23518080ae7ee854b82ae47f2d950cf26ee2c831.php(44): Illuminate\Database\Eloquent\Builder->get().  

   WARN  #9 vendor/laravel/framework/src/Illuminate/Filesystem/Filesystem.php(109): require('/Users/sanket/D...').  

   WARN  #10 vendor/laravel/framework/src/Illuminate/Filesystem/Filesystem.php(110): Illuminate\Filesystem\Filesystem::Illuminate\Filesystem\{closure}().  

   WARN  #11 vendor/laravel/framework/src/Illuminate/View/Engines/PhpEngine.php(58): Illuminate\Filesystem\Filesystem->getRequire('/Users/sanket/D...', Array).  

   WARN  #12 vendor/laravel/framework/src/Illuminate/View/Engines/CompilerEngine.php(70): Illuminate\View\Engines\PhpEngine->evaluatePath('/Users/sanket/D...', Array).  

   WARN  #13 vendor/laravel/framework/src/Illuminate/View/View.php(195): Illuminate\View\Engines\CompilerEngine->get('/Users/sanket/D...', Array).  

   WARN  #14 vendor/laravel/framework/src/Illuminate/View/View.php(178): Illuminate\View\View->getContents().  

   WARN  #15 vendor/laravel/framework/src/Illuminate/View/View.php(147): Illuminate\View\View->renderContents().  

   WARN  #16 storage/framework/views/81a5e466783f04f6291855a5dd02b6586bebf502.php(175): Illuminate\View\View->render().  

   WARN  #17 vendor/laravel/framework/src/Illuminate/Filesystem/Filesystem.php(109): require('/Users/sanket/D...').  

   WARN  #18 vendor/laravel/framework/src/Illuminate/Filesystem/Filesystem.php(110): Illuminate\Filesystem\Filesystem::Illuminate\Filesystem\{closure}().  

   WARN  #19 vendor/laravel/framework/src/Illuminate/View/Engines/PhpEngine.php(58): Illuminate\Filesystem\Filesystem->getRequire('/Users/sanket/D...', Array).  

   WARN  #20 vendor/laravel/framework/src/Illuminate/View/Engines/CompilerEngine.php(70): Illuminate\View\Engines\PhpEngine->evaluatePath('/Users/sanket/D...', Array).  

   WARN  #21 vendor/laravel/framework/src/Illuminate/View/View.php(195): Illuminate\View\Engines\CompilerEngine->get('/Users/sanket/D...', Array).  

   WARN  #22 vendor/laravel/framework/src/Illuminate/View/View.php(178): Illuminate\View\View->getContents().  

   WARN  #23 vendor/laravel/framework/src/Illuminate/View/View.php(147): Illuminate\View\View->renderContents().  

   WARN  #24 storage/framework/views/9ffbb18b5434c05b2ce2f4116a39e1ab73e54eb4.php(17): Illuminate\View\View->render().  

   WARN  #25 vendor/laravel/framework/src/Illuminate/Filesystem/Filesystem.php(109): require('/Users/sanket/D...').  

   WARN  #26 vendor/laravel/framework/src/Illuminate/Filesystem/Filesystem.php(110): Illuminate\Filesystem\Filesystem::Illuminate\Filesystem\{closure}().  

   WARN  #27 vendor/laravel/framework/src/Illuminate/View/Engines/PhpEngine.php(58): Illuminate\Filesystem\Filesystem->getRequire('/Users/sanket/D...', Array).  

   WARN  #28 vendor/laravel/framework/src/Illuminate/View/Engines/CompilerEngine.php(70): Illuminate\View\Engines\PhpEngine->evaluatePath('/Users/sanket/D...', Array).  

   WARN  #29 vendor/laravel/framework/src/Illuminate/View/View.php(195): Illuminate\View\Engines\CompilerEngine->get('/Users/sanket/D...', Array).  

   WARN  #30 vendor/laravel/framework/src/Illuminate/View/View.php(178): Illuminate\View\View->getContents().  

   WARN  #31 vendor/laravel/framework/src/Illuminate/View/View.php(147): Illuminate\View\View->renderContents().  

   WARN  #32 vendor/laravel/framework/src/Illuminate/Http/Response.php(69): Illuminate\View\View->render().  

   WARN  #33 vendor/laravel/framework/src/Illuminate/Http/Response.php(35): Illuminate\Http\Response->setContent(Object(Illuminate\View\View)).  

   WARN  #34 vendor/laravel/framework/src/Illuminate/Routing/ResponseFactory.php(57): Illuminate\Http\Response->__construct(Object(Illuminate\View\View), 500, Array).  

   WARN  #35 vendor/laravel/framework/src/Illuminate/Routing/ResponseFactory.php(87): Illuminate\Routing\ResponseFactory->make(Object(Illuminate\View\View), 500, Array).  

   WARN  #36 vendor/laravel/framework/src/Illuminate/Foundation/Exceptions/Handler.php(626): Illuminate\Routing\ResponseFactory->view('errors::500', Array, 500, Array).  

   WARN  #37 vendor/laravel/framework/src/Illuminate/Foundation/Exceptions/Handler.php(554): Illuminate\Foundation\Exceptions\Handler->renderHttpException(Object(Symfony\Component\HttpKernel\Exception\HttpException)).  

   WARN  #38 vendor/laravel/framework/src/Illuminate/Foundation/Exceptions/Handler.php(460): Illuminate\Foundation\Exceptions\Handler->prepareResponse(Object(Illuminate\Http\Request), Object(Symfony\Component\HttpKernel\Exception\HttpException)).  

   WARN  #39 vendor/laravel/framework/src/Illuminate/Foundation/Exceptions/Handler.php(377): Illuminate\Foundation\Exceptions\Handler->renderExceptionResponse(Object(Illuminate\Http\Request), Object(Symfony\Component\ErrorHandler\Error\FatalError)).  

   WARN  #40 app/Exceptions/Handler.php(53): Illuminate\Foundation\Exceptions\Handler->render(Object(Illuminate\Http\Request), Object(Symfony\Component\ErrorHandler\Error\FatalError)).  

   WARN  #41 vendor/laravel/framework/src/Illuminate/Foundation/Bootstrap/HandleExceptions.php(233): App\Exceptions\Handler->render(Object(Illuminate\Http\Request), Object(Symfony\Component\ErrorHandler\Error\FatalError)).  

   WARN  #42 vendor/laravel/framework/src/Illuminate/Foundation/Bootstrap/HandleExceptions.php(210): Illuminate\Foundation\Bootstrap\HandleExceptions->renderHttpResponse(Object(Symfony\Component\ErrorHandler\Error\FatalError)).  

   WARN  #43 vendor/laravel/framework/src/Illuminate/Foundation/Bootstrap/HandleExceptions.php(246): Illuminate\Foundation\Bootstrap\HandleExceptions->handleException(Object(Symfony\Component\ErrorHandler\Error\FatalError)).  

   WARN  #44 vendor/laravel/framework/src/Illuminate/Foundation/Bootstrap/HandleExceptions.php(270): Illuminate\Foundation\Bootstrap\HandleExceptions->handleShutdown().  

   WARN  #45 [internal function]: Illuminate\Foundation\Bootstrap\HandleExceptions->Illuminate\Foundation\Bootstrap\{closure}().  

   WARN  #46 {main}.  

   WARN  Next Illuminate\View\ViewException: SQLSTATE[42S22]: Column not found: 1054 Unknown column 'status' in 'where clause' (SQL: select * from `languages` where `status` = 1 and `languages`.`deleted_at` is null) (View: resources/views/frontend/inc/header.blade.php) in vendor/laravel/framework/src/Illuminate/Database/Connection.php:760.  

   WARN  Stack trace:  

   WARN  #0 vendor/laravel/framework/src/Illuminate/View/Engines/PhpEngine.php(60): Illuminate\View\Engines\CompilerEngine->handleViewException(Object(Illuminate\Database\QueryException), 3).  

   WARN  #1 vendor/laravel/framework/src/Illuminate/View/Engines/CompilerEngine.php(70): Illuminate\View\Engines\PhpEngine->evaluatePath('/Users/sanket/D...', Array).  

   WARN  #2 vendor/laravel/framework/src/Illuminate/View/View.php(195): Illuminate\View\Engines\CompilerEngine->get('/Users/sanket/D...', Array).  

   WARN  #3 vendor/laravel/framework/src/Illuminate/View/View.php(178): Illuminate\View\View->getContents().  

   WARN  #4 vendor/laravel/framework/src/Illuminate/View/View.php(147): Illuminate\View\View->renderContents().  

   WARN  #5 storage/framework/views/81a5e466783f04f6291855a5dd02b6586bebf502.php(175): Illuminate\View\View->render().  

   WARN  #6 vendor/laravel/framework/src/Illuminate/Filesystem/Filesystem.php(109): require('/Users/sanket/D...').  

   WARN  #7 vendor/laravel/framework/src/Illuminate/Filesystem/Filesystem.php(110): Illuminate\Filesystem\Filesystem::Illuminate\Filesystem\{closure}().  

   WARN  #8 vendor/laravel/framework/src/Illuminate/View/Engines/PhpEngine.php(58): Illuminate\Filesystem\Filesystem->getRequire('/Users/sanket/D...', Array).  

   WARN  #9 vendor/laravel/framework/src/Illuminate/View/Engines/CompilerEngine.php(70): Illuminate\View\Engines\PhpEngine->evaluatePath('/Users/sanket/D...', Array).  

   WARN  #10 vendor/laravel/framework/src/Illuminate/View/View.php(195): Illuminate\View\Engines\CompilerEngine->get('/Users/sanket/D...', Array).  

   WARN  #11 vendor/laravel/framework/src/Illuminate/View/View.php(178): Illuminate\View\View->getContents().  

   WARN  #12 vendor/laravel/framework/src/Illuminate/View/View.php(147): Illuminate\View\View->renderContents().  

   WARN  #13 storage/framework/views/9ffbb18b5434c05b2ce2f4116a39e1ab73e54eb4.php(17): Illuminate\View\View->render().  

   WARN  #14 vendor/laravel/framework/src/Illuminate/Filesystem/Filesystem.php(109): require('/Users/sanket/D...').  

   WARN  #15 vendor/laravel/framework/src/Illuminate/Filesystem/Filesystem.php(110): Illuminate\Filesystem\Filesystem::Illuminate\Filesystem\{closure}().  

   WARN  #16 vendor/laravel/framework/src/Illuminate/View/Engines/PhpEngine.php(58): Illuminate\Filesystem\Filesystem->getRequire('/Users/sanket/D...', Array).  

   WARN  #17 vendor/laravel/framework/src/Illuminate/View/Engines/CompilerEngine.php(70): Illuminate\View\Engines\PhpEngine->evaluatePath('/Users/sanket/D...', Array).  

   WARN  #18 vendor/laravel/framework/src/Illuminate/View/View.php(195): Illuminate\View\Engines\CompilerEngine->get('/Users/sanket/D...', Array).  

   WARN  #19 vendor/laravel/framework/src/Illuminate/View/View.php(178): Illuminate\View\View->getContents().  

   WARN  #20 vendor/laravel/framework/src/Illuminate/View/View.php(147): Illuminate\View\View->renderContents().  

   WARN  #21 vendor/laravel/framework/src/Illuminate/Http/Response.php(69): Illuminate\View\View->render().  

   WARN  #22 vendor/laravel/framework/src/Illuminate/Http/Response.php(35): Illuminate\Http\Response->setContent(Object(Illuminate\View\View)).  

   WARN  #23 vendor/laravel/framework/src/Illuminate/Routing/ResponseFactory.php(57): Illuminate\Http\Response->__construct(Object(Illuminate\View\View), 500, Array).  

   WARN  #24 vendor/laravel/framework/src/Illuminate/Routing/ResponseFactory.php(87): Illuminate\Routing\ResponseFactory->make(Object(Illuminate\View\View), 500, Array).  

   WARN  #25 vendor/laravel/framework/src/Illuminate/Foundation/Exceptions/Handler.php(626): Illuminate\Routing\ResponseFactory->view('errors::500', Array, 500, Array).  

   WARN  #26 vendor/laravel/framework/src/Illuminate/Foundation/Exceptions/Handler.php(554): Illuminate\Foundation\Exceptions\Handler->renderHttpException(Object(Symfony\Component\HttpKernel\Exception\HttpException)).  

   WARN  #27 vendor/laravel/framework/src/Illuminate/Foundation/Exceptions/Handler.php(460): Illuminate\Foundation\Exceptions\Handler->prepareResponse(Object(Illuminate\Http\Request), Object(Symfony\Component\HttpKernel\Exception\HttpException)).  

   WARN  #28 vendor/laravel/framework/src/Illuminate/Foundation/Exceptions/Handler.php(377): Illuminate\Foundation\Exceptions\Handler->renderExceptionResponse(Object(Illuminate\Http\Request), Object(Symfony\Component\ErrorHandler\Error\FatalError)).  

   WARN  #29 app/Exceptions/Handler.php(53): Illuminate\Foundation\Exceptions\Handler->render(Object(Illuminate\Http\Request), Object(Symfony\Component\ErrorHandler\Error\FatalError)).  

   WARN  #30 vendor/laravel/framework/src/Illuminate/Foundation/Bootstrap/HandleExceptions.php(233): App\Exceptions\Handler->render(Object(Illuminate\Http\Request), Object(Symfony\Component\ErrorHandler\Error\FatalError)).  

   WARN  #31 vendor/laravel/framework/src/Illuminate/Foundation/Bootstrap/HandleExceptions.php(210): Illuminate\Foundation\Bootstrap\HandleExceptions->renderHttpResponse(Object(Symfony\Component\ErrorHandler\Error\FatalError)).  

   WARN  #32 vendor/laravel/framework/src/Illuminate/Foundation/Bootstrap/HandleExceptions.php(246): Illuminate\Foundation\Bootstrap\HandleExceptions->handleException(Object(Symfony\Component\ErrorHandler\Error\FatalError)).  

   WARN  #33 vendor/laravel/framework/src/Illuminate/Foundation/Bootstrap/HandleExceptions.php(270): Illuminate\Foundation\Bootstrap\HandleExceptions->handleShutdown().  

   WARN  #34 [internal function]: Illuminate\Foundation\Bootstrap\HandleExceptions->Illuminate\Foundation\Bootstrap\{closure}().  

   WARN  #35 {main}.  

   WARN  Next Illuminate\View\ViewException: SQLSTATE[42S22]: Column not found: 1054 Unknown column 'status' in 'where clause' (SQL: select * from `languages` where `status` = 1 and `languages`.`deleted_at` is null) (View: resources/views/frontend/inc/header.blade.php) (View: resources/views/frontend/inc/header.blade.php) in vendor/laravel/framework/src/Illuminate/Database/Connection.php:760.  

   WARN  Stack trace:  

   WARN  #0 vendor/laravel/framework/src/Illuminate/View/Engines/PhpEngine.php(60): Illuminate\View\Engines\CompilerEngine->handleViewException(Object(Illuminate\View\ViewException), 2).  

   WARN  #1 vendor/laravel/framework/src/Illuminate/View/Engines/CompilerEngine.php(70): Illuminate\View\Engines\PhpEngine->evaluatePath('/Users/sanket/D...', Array).  

   WARN  #2 vendor/laravel/framework/src/Illuminate/View/View.php(195): Illuminate\View\Engines\CompilerEngine->get('/Users/sanket/D...', Array).  

   WARN  #3 vendor/laravel/framework/src/Illuminate/View/View.php(178): Illuminate\View\View->getContents().  

   WARN  #4 vendor/laravel/framework/src/Illuminate/View/View.php(147): Illuminate\View\View->renderContents().  

   WARN  #5 storage/framework/views/9ffbb18b5434c05b2ce2f4116a39e1ab73e54eb4.php(17): Illuminate\View\View->render().  

   WARN  #6 vendor/laravel/framework/src/Illuminate/Filesystem/Filesystem.php(109): require('/Users/sanket/D...').  

   WARN  #7 vendor/laravel/framework/src/Illuminate/Filesystem/Filesystem.php(110): Illuminate\Filesystem\Filesystem::Illuminate\Filesystem\{closure}().  

   WARN  #8 vendor/laravel/framework/src/Illuminate/View/Engines/PhpEngine.php(58): Illuminate\Filesystem\Filesystem->getRequire('/Users/sanket/D...', Array).  

   WARN  #9 vendor/laravel/framework/src/Illuminate/View/Engines/CompilerEngine.php(70): Illuminate\View\Engines\PhpEngine->evaluatePath('/Users/sanket/D...', Array).  

   WARN  #10 vendor/laravel/framework/src/Illuminate/View/View.php(195): Illuminate\View\Engines\CompilerEngine->get('/Users/sanket/D...', Array).  

   WARN  #11 vendor/laravel/framework/src/Illuminate/View/View.php(178): Illuminate\View\View->getContents().  

   WARN  #12 vendor/laravel/framework/src/Illuminate/View/View.php(147): Illuminate\View\View->renderContents().  

   WARN  #13 vendor/laravel/framework/src/Illuminate/Http/Response.php(69): Illuminate\View\View->render().  

   WARN  #14 vendor/laravel/framework/src/Illuminate/Http/Response.php(35): Illuminate\Http\Response->setContent(Object(Illuminate\View\View)).  

   WARN  #15 vendor/laravel/framework/src/Illuminate/Routing/ResponseFactory.php(57): Illuminate\Http\Response->__construct(Object(Illuminate\View\View), 500, Array).  

   WARN  #16 vendor/laravel/framework/src/Illuminate/Routing/ResponseFactory.php(87): Illuminate\Routing\ResponseFactory->make(Object(Illuminate\View\View), 500, Array).  

   WARN  #17 vendor/laravel/framework/src/Illuminate/Foundation/Exceptions/Handler.php(626): Illuminate\Routing\ResponseFactory->view('errors::500', Array, 500, Array).  

   WARN  #18 vendor/laravel/framework/src/Illuminate/Foundation/Exceptions/Handler.php(554): Illuminate\Foundation\Exceptions\Handler->renderHttpException(Object(Symfony\Component\HttpKernel\Exception\HttpException)).  

   WARN  #19 vendor/laravel/framework/src/Illuminate/Foundation/Exceptions/Handler.php(460): Illuminate\Foundation\Exceptions\Handler->prepareResponse(Object(Illuminate\Http\Request), Object(Symfony\Component\HttpKernel\Exception\HttpException)).  

   WARN  #20 vendor/laravel/framework/src/Illuminate/Foundation/Exceptions/Handler.php(377): Illuminate\Foundation\Exceptions\Handler->renderExceptionResponse(Object(Illuminate\Http\Request), Object(Symfony\Component\ErrorHandler\Error\FatalError)).  

   WARN  #21 app/Exceptions/Handler.php(53): Illuminate\Foundation\Exceptions\Handler->render(Object(Illuminate\Http\Request), Object(Symfony\Component\ErrorHandler\Error\FatalError)).  

   WARN  #22 vendor/laravel/framework/src/Illuminate/Foundation/Bootstrap/HandleExceptions.php(233): App\Exceptions\Handler->render(Object(Illuminate\Http\Request), Object(Symfony\Component\ErrorHandler\Error\FatalError)).  

   WARN  #23 vendor/laravel/framework/src/Illuminate/Foundation/Bootstrap/HandleExceptions.php(210): Illuminate\Foundation\Bootstrap\HandleExceptions->renderHttpResponse(Object(Symfony\Component\ErrorHandler\Error\FatalError)).  

   WARN  #24 vendor/laravel/framework/src/Illuminate/Foundation/Bootstrap/HandleExceptions.php(246): Illuminate\Foundation\Bootstrap\HandleExceptions->handleException(Object(Symfony\Component\ErrorHandler\Error\FatalError)).  

   WARN  #25 vendor/laravel/framework/src/Illuminate/Foundation/Bootstrap/HandleExceptions.php(270): Illuminate\Foundation\Bootstrap\HandleExceptions->handleShutdown().  

   WARN  #26 [internal function]: Illuminate\Foundation\Bootstrap\HandleExceptions->Illuminate\Foundation\Bootstrap\{closure}().  

   WARN  #27 {main}.  

   WARN  Next Illuminate\View\ViewException: SQLSTATE[42S22]: Column not found: 1054 Unknown column 'status' in 'where clause' (SQL: select * from `languages` where `status` = 1 and `languages`.`deleted_at` is null) (View: resources/views/frontend/inc/header.blade.php) (View: resources/views/frontend/inc/header.blade.php) (View: resources/views/frontend/inc/header.blade.php) in vendor/laravel/framework/src/Illuminate/Database/Connection.php:760.  

   WARN  Stack trace:  

   WARN  #0 vendor/laravel/framework/src/Illuminate/View/Engines/PhpEngine.php(60): Illuminate\View\Engines\CompilerEngine->handleViewException(Object(Illuminate\View\ViewException), 1).  

   WARN  #1 vendor/laravel/framework/src/Illuminate/View/Engines/CompilerEngine.php(70): Illuminate\View\Engines\PhpEngine->evaluatePath('/Users/sanket/D...', Array).  

   WARN  #2 vendor/laravel/framework/src/Illuminate/View/View.php(195): Illuminate\View\Engines\CompilerEngine->get('/Users/sanket/D...', Array).  

   WARN  #3 vendor/laravel/framework/src/Illuminate/View/View.php(178): Illuminate\View\View->getContents().  

   WARN  #4 vendor/laravel/framework/src/Illuminate/View/View.php(147): Illuminate\View\View->renderContents().  

   WARN  #5 vendor/laravel/framework/src/Illuminate/Http/Response.php(69): Illuminate\View\View->render().  

   WARN  #6 vendor/laravel/framework/src/Illuminate/Http/Response.php(35): Illuminate\Http\Response->setContent(Object(Illuminate\View\View)).  

   WARN  #7 vendor/laravel/framework/src/Illuminate/Routing/ResponseFactory.php(57): Illuminate\Http\Response->__construct(Object(Illuminate\View\View), 500, Array).  

   WARN  #8 vendor/laravel/framework/src/Illuminate/Routing/ResponseFactory.php(87): Illuminate\Routing\ResponseFactory->make(Object(Illuminate\View\View), 500, Array).  

   WARN  #9 vendor/laravel/framework/src/Illuminate/Foundation/Exceptions/Handler.php(626): Illuminate\Routing\ResponseFactory->view('errors::500', Array, 500, Array).  

   WARN  #10 vendor/laravel/framework/src/Illuminate/Foundation/Exceptions/Handler.php(554): Illuminate\Foundation\Exceptions\Handler->renderHttpException(Object(Symfony\Component\HttpKernel\Exception\HttpException)).  

   WARN  #11 vendor/laravel/framework/src/Illuminate/Foundation/Exceptions/Handler.php(460): Illuminate\Foundation\Exceptions\Handler->prepareResponse(Object(Illuminate\Http\Request), Object(Symfony\Component\HttpKernel\Exception\HttpException)).  

   WARN  #12 vendor/laravel/framework/src/Illuminate/Foundation/Exceptions/Handler.php(377): Illuminate\Foundation\Exceptions\Handler->renderExceptionResponse(Object(Illuminate\Http\Request), Object(Symfony\Component\ErrorHandler\Error\FatalError)).  

   WARN  #13 app/Exceptions/Handler.php(53): Illuminate\Foundation\Exceptions\Handler->render(Object(Illuminate\Http\Request), Object(Symfony\Component\ErrorHandler\Error\FatalError)).  

   WARN  #14 vendor/laravel/framework/src/Illuminate/Foundation/Bootstrap/HandleExceptions.php(233): App\Exceptions\Handler->render(Object(Illuminate\Http\Request), Object(Symfony\Component\ErrorHandler\Error\FatalError)).  

   WARN  #15 vendor/laravel/framework/src/Illuminate/Foundation/Bootstrap/HandleExceptions.php(210): Illuminate\Foundation\Bootstrap\HandleExceptions->renderHttpResponse(Object(Symfony\Component\ErrorHandler\Error\FatalError)).  

   WARN  #16 vendor/laravel/framework/src/Illuminate/Foundation/Bootstrap/HandleExceptions.php(246): Illuminate\Foundation\Bootstrap\HandleExceptions->handleException(Object(Symfony\Component\ErrorHandler\Error\FatalError)).  

   WARN  #17 vendor/laravel/framework/src/Illuminate/Foundation/Bootstrap/HandleExceptions.php(270): Illuminate\Foundation\Bootstrap\HandleExceptions->handleShutdown().  

   WARN  #18 [internal function]: Illuminate\Foundation\Bootstrap\HandleExceptions->Illuminate\Foundation\Bootstrap\{closure}().  

   WARN  #19 {main}.  

   WARN  thrown in vendor/laravel/framework/src/Illuminate/Database/Connection.php on line 760.  

  2026-02-20 22:19:54 ................................ ~ 1s
  2026-02-20 22:19:55 .............................. ~ 132s
  2026-02-20 22:22:53 ................................ ~ 0s
   WARN  PHP Fatal error: Uncaught PDOException: SQLSTATE[42S22]: Column not found: 1054 Unknown column 'status' in 'where clause' in vendor/laravel/framework/src/Illuminate/Database/Connection.php:414.  

   WARN  Stack trace:  

   WARN  #0 vendor/laravel/framework/src/Illuminate/Database/Connection.php(414): PDO->prepare('select * from `...').  

   WARN  #1 vendor/laravel/framework/src/Illuminate/Database/Connection.php(753): Illuminate\Database\Connection->Illuminate\Database\{closure}('select * from `...', Array).  

   WARN  #2 vendor/laravel/framework/src/Illuminate/Database/Connection.php(720): Illuminate\Database\Connection->runQueryCallback('select * from `...', Array, Object(Closure)).  

   WARN  #3 vendor/laravel/framework/src/Illuminate/Database/Connection.php(405): Illuminate\Database\Connection->run('select * from `...', Array, Object(Closure)).  

   WARN  #4 vendor/laravel/framework/src/Illuminate/Database/Query/Builder.php(2705): Illuminate\Database\Connection->select('select * from `...', Array, true).  

   WARN  #5 vendor/laravel/framework/src/Illuminate/Database/Query/Builder.php(2694): Illuminate\Database\Query\Builder->runSelect().  

   WARN  #6 vendor/laravel/framework/src/Illuminate/Database/Query/Builder.php(3230): Illuminate\Database\Query\Builder->Illuminate\Database\Query\{closure}().  

   WARN  #7 vendor/laravel/framework/src/Illuminate/Database/Query/Builder.php(2693): Illuminate\Database\Query\Builder->onceWithColumns(Array, Object(Closure)).  

   WARN  #8 vendor/laravel/framework/src/Illuminate/Database/Eloquent/Builder.php(710): Illuminate\Database\Query\Builder->get(Array).  

   WARN  #9 vendor/laravel/framework/src/Illuminate/Database/Eloquent/Builder.php(694): Illuminate\Database\Eloquent\Builder->getModels(Array).  

   WARN  #10 storage/framework/views/23518080ae7ee854b82ae47f2d950cf26ee2c831.php(44): Illuminate\Database\Eloquent\Builder->get().  

   WARN  #11 vendor/laravel/framework/src/Illuminate/Filesystem/Filesystem.php(109): require('/Users/sanket/D...').  

   WARN  #12 vendor/laravel/framework/src/Illuminate/Filesystem/Filesystem.php(110): Illuminate\Filesystem\Filesystem::Illuminate\Filesystem\{closure}().  

   WARN  #13 vendor/laravel/framework/src/Illuminate/View/Engines/PhpEngine.php(58): Illuminate\Filesystem\Filesystem->getRequire('/Users/sanket/D...', Array).  

   WARN  #14 vendor/laravel/framework/src/Illuminate/View/Engines/CompilerEngine.php(70): Illuminate\View\Engines\PhpEngine->evaluatePath('/Users/sanket/D...', Array).  

   WARN  #15 vendor/laravel/framework/src/Illuminate/View/View.php(195): Illuminate\View\Engines\CompilerEngine->get('/Users/sanket/D...', Array).  

   WARN  #16 vendor/laravel/framework/src/Illuminate/View/View.php(178): Illuminate\View\View->getContents().  

   WARN  #17 vendor/laravel/framework/src/Illuminate/View/View.php(147): Illuminate\View\View->renderContents().  

   WARN  #18 storage/framework/views/81a5e466783f04f6291855a5dd02b6586bebf502.php(175): Illuminate\View\View->render().  

   WARN  #19 vendor/laravel/framework/src/Illuminate/Filesystem/Filesystem.php(109): require('/Users/sanket/D...').  

   WARN  #20 vendor/laravel/framework/src/Illuminate/Filesystem/Filesystem.php(110): Illuminate\Filesystem\Filesystem::Illuminate\Filesystem\{closure}().  

   WARN  #21 vendor/laravel/framework/src/Illuminate/View/Engines/PhpEngine.php(58): Illuminate\Filesystem\Filesystem->getRequire('/Users/sanket/D...', Array).  

   WARN  #22 vendor/laravel/framework/src/Illuminate/View/Engines/CompilerEngine.php(70): Illuminate\View\Engines\PhpEngine->evaluatePath('/Users/sanket/D...', Array).  

   WARN  #23 vendor/laravel/framework/src/Illuminate/View/View.php(195): Illuminate\View\Engines\CompilerEngine->get('/Users/sanket/D...', Array).  

   WARN  #24 vendor/laravel/framework/src/Illuminate/View/View.php(178): Illuminate\View\View->getContents().  

   WARN  #25 vendor/laravel/framework/src/Illuminate/View/View.php(147): Illuminate\View\View->renderContents().  

   WARN  #26 storage/framework/views/9ffbb18b5434c05b2ce2f4116a39e1ab73e54eb4.php(17): Illuminate\View\View->render().  

   WARN  #27 vendor/laravel/framework/src/Illuminate/Filesystem/Filesystem.php(109): require('/Users/sanket/D...').  

   WARN  #28 vendor/laravel/framework/src/Illuminate/Filesystem/Filesystem.php(110): Illuminate\Filesystem\Filesystem::Illuminate\Filesystem\{closure}().  

   WARN  #29 vendor/laravel/framework/src/Illuminate/View/Engines/PhpEngine.php(58): Illuminate\Filesystem\Filesystem->getRequire('/Users/sanket/D...', Array).  

   WARN  #30 vendor/laravel/framework/src/Illuminate/View/Engines/CompilerEngine.php(70): Illuminate\View\Engines\PhpEngine->evaluatePath('/Users/sanket/D...', Array).  

   WARN  #31 vendor/laravel/framework/src/Illuminate/View/View.php(195): Illuminate\View\Engines\CompilerEngine->get('/Users/sanket/D...', Array).  

   WARN  #32 vendor/laravel/framework/src/Illuminate/View/View.php(178): Illuminate\View\View->getContents().  

   WARN  #33 vendor/laravel/framework/src/Illuminate/View/View.php(147): Illuminate\View\View->renderContents().  

   WARN  #34 vendor/laravel/framework/src/Illuminate/Http/Response.php(69): Illuminate\View\View->render().  

   WARN  #35 vendor/laravel/framework/src/Illuminate/Http/Response.php(35): Illuminate\Http\Response->setContent(Object(Illuminate\View\View)).  

   WARN  #36 vendor/laravel/framework/src/Illuminate/Routing/ResponseFactory.php(57): Illuminate\Http\Response->__construct(Object(Illuminate\View\View), 500, Array).  

   WARN  #37 vendor/laravel/framework/src/Illuminate/Routing/ResponseFactory.php(87): Illuminate\Routing\ResponseFactory->make(Object(Illuminate\View\View), 500, Array).  

   WARN  #38 vendor/laravel/framework/src/Illuminate/Foundation/Exceptions/Handler.php(626): Illuminate\Routing\ResponseFactory->view('errors::500', Array, 500, Array).  

   WARN  #39 vendor/laravel/framework/src/Illuminate/Foundation/Exceptions/Handler.php(554): Illuminate\Foundation\Exceptions\Handler->renderHttpException(Object(Symfony\Component\HttpKernel\Exception\HttpException)).  

   WARN  #40 vendor/laravel/framework/src/Illuminate/Foundation/Exceptions/Handler.php(460): Illuminate\Foundation\Exceptions\Handler->prepareResponse(Object(Illuminate\Http\Request), Object(Symfony\Component\HttpKernel\Exception\HttpException)).  

   WARN  #41 vendor/laravel/framework/src/Illuminate/Foundation/Exceptions/Handler.php(377): Illuminate\Foundation\Exceptions\Handler->renderExceptionResponse(Object(Illuminate\Http\Request), Object(Spatie\LaravelIgnition\Exceptions\ViewException)).  

   WARN  #42 app/Exceptions/Handler.php(53): Illuminate\Foundation\Exceptions\Handler->render(Object(Illuminate\Http\Request), Object(Spatie\LaravelIgnition\Exceptions\ViewException)).  

   WARN  #43 vendor/laravel/framework/src/Illuminate/Foundation/Bootstrap/HandleExceptions.php(233): App\Exceptions\Handler->render(Object(Illuminate\Http\Request), Object(Illuminate\View\ViewException)).  

   WARN  #44 vendor/laravel/framework/src/Illuminate/Foundation/Bootstrap/HandleExceptions.php(210): Illuminate\Foundation\Bootstrap\HandleExceptions->renderHttpResponse(Object(Illuminate\View\ViewException)).  

   WARN  #45 vendor/laravel/framework/src/Illuminate/Foundation/Bootstrap/HandleExceptions.php(270): Illuminate\Foundation\Bootstrap\HandleExceptions->handleException(Object(Illuminate\View\ViewException)).  

   WARN  #46 [internal function]: Illuminate\Foundation\Bootstrap\HandleExceptions->Illuminate\Foundation\Bootstrap\{closure}(Object(Illuminate\View\ViewException)).  

   WARN  #47 {main}.  

   WARN  Next Illuminate\Database\QueryException: SQLSTATE[42S22]: Column not found: 1054 Unknown column 'status' in 'where clause' (SQL: select * from `languages` where `status` = 1 and `languages`.`deleted_at` is null) in vendor/laravel/framework/src/Illuminate/Database/Connection.php:760.  

   WARN  Stack trace:  

   WARN  #0 vendor/laravel/framework/src/Illuminate/Database/Connection.php(720): Illuminate\Database\Connection->runQueryCallback('select * from `...', Array, Object(Closure)).  

   WARN  #1 vendor/laravel/framework/src/Illuminate/Database/Connection.php(405): Illuminate\Database\Connection->run('select * from `...', Array, Object(Closure)).  

   WARN  #2 vendor/laravel/framework/src/Illuminate/Database/Query/Builder.php(2705): Illuminate\Database\Connection->select('select * from `...', Array, true).  

   WARN  #3 vendor/laravel/framework/src/Illuminate/Database/Query/Builder.php(2694): Illuminate\Database\Query\Builder->runSelect().  

   WARN  #4 vendor/laravel/framework/src/Illuminate/Database/Query/Builder.php(3230): Illuminate\Database\Query\Builder->Illuminate\Database\Query\{closure}().  

   WARN  #5 vendor/laravel/framework/src/Illuminate/Database/Query/Builder.php(2693): Illuminate\Database\Query\Builder->onceWithColumns(Array, Object(Closure)).  

   WARN  #6 vendor/laravel/framework/src/Illuminate/Database/Eloquent/Builder.php(710): Illuminate\Database\Query\Builder->get(Array).  

   WARN  #7 vendor/laravel/framework/src/Illuminate/Database/Eloquent/Builder.php(694): Illuminate\Database\Eloquent\Builder->getModels(Array).  

   WARN  #8 storage/framework/views/23518080ae7ee854b82ae47f2d950cf26ee2c831.php(44): Illuminate\Database\Eloquent\Builder->get().  

   WARN  #9 vendor/laravel/framework/src/Illuminate/Filesystem/Filesystem.php(109): require('/Users/sanket/D...').  

   WARN  #10 vendor/laravel/framework/src/Illuminate/Filesystem/Filesystem.php(110): Illuminate\Filesystem\Filesystem::Illuminate\Filesystem\{closure}().  

   WARN  #11 vendor/laravel/framework/src/Illuminate/View/Engines/PhpEngine.php(58): Illuminate\Filesystem\Filesystem->getRequire('/Users/sanket/D...', Array).  

   WARN  #12 vendor/laravel/framework/src/Illuminate/View/Engines/CompilerEngine.php(70): Illuminate\View\Engines\PhpEngine->evaluatePath('/Users/sanket/D...', Array).  

   WARN  #13 vendor/laravel/framework/src/Illuminate/View/View.php(195): Illuminate\View\Engines\CompilerEngine->get('/Users/sanket/D...', Array).  

   WARN  #14 vendor/laravel/framework/src/Illuminate/View/View.php(178): Illuminate\View\View->getContents().  

   WARN  #15 vendor/laravel/framework/src/Illuminate/View/View.php(147): Illuminate\View\View->renderContents().  

   WARN  #16 storage/framework/views/81a5e466783f04f6291855a5dd02b6586bebf502.php(175): Illuminate\View\View->render().  

   WARN  #17 vendor/laravel/framework/src/Illuminate/Filesystem/Filesystem.php(109): require('/Users/sanket/D...').  

   WARN  #18 vendor/laravel/framework/src/Illuminate/Filesystem/Filesystem.php(110): Illuminate\Filesystem\Filesystem::Illuminate\Filesystem\{closure}().  

   WARN  #19 vendor/laravel/framework/src/Illuminate/View/Engines/PhpEngine.php(58): Illuminate\Filesystem\Filesystem->getRequire('/Users/sanket/D...', Array).  

   WARN  #20 vendor/laravel/framework/src/Illuminate/View/Engines/CompilerEngine.php(70): Illuminate\View\Engines\PhpEngine->evaluatePath('/Users/sanket/D...', Array).  

   WARN  #21 vendor/laravel/framework/src/Illuminate/View/View.php(195): Illuminate\View\Engines\CompilerEngine->get('/Users/sanket/D...', Array).  

   WARN  #22 vendor/laravel/framework/src/Illuminate/View/View.php(178): Illuminate\View\View->getContents().  

   WARN  #23 vendor/laravel/framework/src/Illuminate/View/View.php(147): Illuminate\View\View->renderContents().  

   WARN  #24 storage/framework/views/9ffbb18b5434c05b2ce2f4116a39e1ab73e54eb4.php(17): Illuminate\View\View->render().  

   WARN  #25 vendor/laravel/framework/src/Illuminate/Filesystem/Filesystem.php(109): require('/Users/sanket/D...').  

   WARN  #26 vendor/laravel/framework/src/Illuminate/Filesystem/Filesystem.php(110): Illuminate\Filesystem\Filesystem::Illuminate\Filesystem\{closure}().  

   WARN  #27 vendor/laravel/framework/src/Illuminate/View/Engines/PhpEngine.php(58): Illuminate\Filesystem\Filesystem->getRequire('/Users/sanket/D...', Array).  

   WARN  #28 vendor/laravel/framework/src/Illuminate/View/Engines/CompilerEngine.php(70): Illuminate\View\Engines\PhpEngine->evaluatePath('/Users/sanket/D...', Array).  

   WARN  #29 vendor/laravel/framework/src/Illuminate/View/View.php(195): Illuminate\View\Engines\CompilerEngine->get('/Users/sanket/D...', Array).  

   WARN  #30 vendor/laravel/framework/src/Illuminate/View/View.php(178): Illuminate\View\View->getContents().  

   WARN  #31 vendor/laravel/framework/src/Illuminate/View/View.php(147): Illuminate\View\View->renderContents().  

   WARN  #32 vendor/laravel/framework/src/Illuminate/Http/Response.php(69): Illuminate\View\View->render().  

   WARN  #33 vendor/laravel/framework/src/Illuminate/Http/Response.php(35): Illuminate\Http\Response->setContent(Object(Illuminate\View\View)).  

   WARN  #34 vendor/laravel/framework/src/Illuminate/Routing/ResponseFactory.php(57): Illuminate\Http\Response->__construct(Object(Illuminate\View\View), 500, Array).  

   WARN  #35 vendor/laravel/framework/src/Illuminate/Routing/ResponseFactory.php(87): Illuminate\Routing\ResponseFactory->make(Object(Illuminate\View\View), 500, Array).  

   WARN  #36 vendor/laravel/framework/src/Illuminate/Foundation/Exceptions/Handler.php(626): Illuminate\Routing\ResponseFactory->view('errors::500', Array, 500, Array).  

   WARN  #37 vendor/laravel/framework/src/Illuminate/Foundation/Exceptions/Handler.php(554): Illuminate\Foundation\Exceptions\Handler->renderHttpException(Object(Symfony\Component\HttpKernel\Exception\HttpException)).  

   WARN  #38 vendor/laravel/framework/src/Illuminate/Foundation/Exceptions/Handler.php(460): Illuminate\Foundation\Exceptions\Handler->prepareResponse(Object(Illuminate\Http\Request), Object(Symfony\Component\HttpKernel\Exception\HttpException)).  

   WARN  #39 vendor/laravel/framework/src/Illuminate/Foundation/Exceptions/Handler.php(377): Illuminate\Foundation\Exceptions\Handler->renderExceptionResponse(Object(Illuminate\Http\Request), Object(Spatie\LaravelIgnition\Exceptions\ViewException)).  

   WARN  #40 app/Exceptions/Handler.php(53): Illuminate\Foundation\Exceptions\Handler->render(Object(Illuminate\Http\Request), Object(Spatie\LaravelIgnition\Exceptions\ViewException)).  

   WARN  #41 vendor/laravel/framework/src/Illuminate/Foundation/Bootstrap/HandleExceptions.php(233): App\Exceptions\Handler->render(Object(Illuminate\Http\Request), Object(Illuminate\View\ViewException)).  

   WARN  #42 vendor/laravel/framework/src/Illuminate/Foundation/Bootstrap/HandleExceptions.php(210): Illuminate\Foundation\Bootstrap\HandleExceptions->renderHttpResponse(Object(Illuminate\View\ViewException)).  

   WARN  #43 vendor/laravel/framework/src/Illuminate/Foundation/Bootstrap/HandleExceptions.php(270): Illuminate\Foundation\Bootstrap\HandleExceptions->handleException(Object(Illuminate\View\ViewException)).  

   WARN  #44 [internal function]: Illuminate\Foundation\Bootstrap\HandleExceptions->Illuminate\Foundation\Bootstrap\{closure}(Object(Illuminate\View\ViewException)).  

   WARN  #45 {main}.  

   WARN  Next Illuminate\View\ViewException: SQLSTATE[42S22]: Column not found: 1054 Unknown column 'status' in 'where clause' (SQL: select * from `languages` where `status` = 1 and `languages`.`deleted_at` is null) (View: resources/views/frontend/inc/header.blade.php) in vendor/laravel/framework/src/Illuminate/Database/Connection.php:760.  

   WARN  Stack trace:  

   WARN  #0 vendor/laravel/framework/src/Illuminate/View/Engines/PhpEngine.php(60): Illuminate\View\Engines\CompilerEngine->handleViewException(Object(Illuminate\Database\QueryException), 3).  

   WARN  #1 vendor/laravel/framework/src/Illuminate/View/Engines/CompilerEngine.php(70): Illuminate\View\Engines\PhpEngine->evaluatePath('/Users/sanket/D...', Array).  

   WARN  #2 vendor/laravel/framework/src/Illuminate/View/View.php(195): Illuminate\View\Engines\CompilerEngine->get('/Users/sanket/D...', Array).  

   WARN  #3 vendor/laravel/framework/src/Illuminate/View/View.php(178): Illuminate\View\View->getContents().  

   WARN  #4 vendor/laravel/framework/src/Illuminate/View/View.php(147): Illuminate\View\View->renderContents().  

   WARN  #5 storage/framework/views/81a5e466783f04f6291855a5dd02b6586bebf502.php(175): Illuminate\View\View->render().  

   WARN  #6 vendor/laravel/framework/src/Illuminate/Filesystem/Filesystem.php(109): require('/Users/sanket/D...').  

   WARN  #7 vendor/laravel/framework/src/Illuminate/Filesystem/Filesystem.php(110): Illuminate\Filesystem\Filesystem::Illuminate\Filesystem\{closure}().  

   WARN  #8 vendor/laravel/framework/src/Illuminate/View/Engines/PhpEngine.php(58): Illuminate\Filesystem\Filesystem->getRequire('/Users/sanket/D...', Array).  

   WARN  #9 vendor/laravel/framework/src/Illuminate/View/Engines/CompilerEngine.php(70): Illuminate\View\Engines\PhpEngine->evaluatePath('/Users/sanket/D...', Array).  

   WARN  #10 vendor/laravel/framework/src/Illuminate/View/View.php(195): Illuminate\View\Engines\CompilerEngine->get('/Users/sanket/D...', Array).  

   WARN  #11 vendor/laravel/framework/src/Illuminate/View/View.php(178): Illuminate\View\View->getContents().  

   WARN  #12 vendor/laravel/framework/src/Illuminate/View/View.php(147): Illuminate\View\View->renderContents().  

   WARN  #13 storage/framework/views/9ffbb18b5434c05b2ce2f4116a39e1ab73e54eb4.php(17): Illuminate\View\View->render().  

   WARN  #14 vendor/laravel/framework/src/Illuminate/Filesystem/Filesystem.php(109): require('/Users/sanket/D...').  

   WARN  #15 vendor/laravel/framework/src/Illuminate/Filesystem/Filesystem.php(110): Illuminate\Filesystem\Filesystem::Illuminate\Filesystem\{closure}().  

   WARN  #16 vendor/laravel/framework/src/Illuminate/View/Engines/PhpEngine.php(58): Illuminate\Filesystem\Filesystem->getRequire('/Users/sanket/D...', Array).  

   WARN  #17 vendor/laravel/framework/src/Illuminate/View/Engines/CompilerEngine.php(70): Illuminate\View\Engines\PhpEngine->evaluatePath('/Users/sanket/D...', Array).  

   WARN  #18 vendor/laravel/framework/src/Illuminate/View/View.php(195): Illuminate\View\Engines\CompilerEngine->get('/Users/sanket/D...', Array).  

   WARN  #19 vendor/laravel/framework/src/Illuminate/View/View.php(178): Illuminate\View\View->getContents().  

   WARN  #20 vendor/laravel/framework/src/Illuminate/View/View.php(147): Illuminate\View\View->renderContents().  

   WARN  #21 vendor/laravel/framework/src/Illuminate/Http/Response.php(69): Illuminate\View\View->render().  

   WARN  #22 vendor/laravel/framework/src/Illuminate/Http/Response.php(35): Illuminate\Http\Response->setContent(Object(Illuminate\View\View)).  

   WARN  #23 vendor/laravel/framework/src/Illuminate/Routing/ResponseFactory.php(57): Illuminate\Http\Response->__construct(Object(Illuminate\View\View), 500, Array).  

   WARN  #24 vendor/laravel/framework/src/Illuminate/Routing/ResponseFactory.php(87): Illuminate\Routing\ResponseFactory->make(Object(Illuminate\View\View), 500, Array).  

   WARN  #25 vendor/laravel/framework/src/Illuminate/Foundation/Exceptions/Handler.php(626): Illuminate\Routing\ResponseFactory->view('errors::500', Array, 500, Array).  

   WARN  #26 vendor/laravel/framework/src/Illuminate/Foundation/Exceptions/Handler.php(554): Illuminate\Foundation\Exceptions\Handler->renderHttpException(Object(Symfony\Component\HttpKernel\Exception\HttpException)).  

   WARN  #27 vendor/laravel/framework/src/Illuminate/Foundation/Exceptions/Handler.php(460): Illuminate\Foundation\Exceptions\Handler->prepareResponse(Object(Illuminate\Http\Request), Object(Symfony\Component\HttpKernel\Exception\HttpException)).  

   WARN  #28 vendor/laravel/framework/src/Illuminate/Foundation/Exceptions/Handler.php(377): Illuminate\Foundation\Exceptions\Handler->renderExceptionResponse(Object(Illuminate\Http\Request), Object(Spatie\LaravelIgnition\Exceptions\ViewException)).  

   WARN  #29 app/Exceptions/Handler.php(53): Illuminate\Foundation\Exceptions\Handler->render(Object(Illuminate\Http\Request), Object(Spatie\LaravelIgnition\Exceptions\ViewException)).  

   WARN  #30 vendor/laravel/framework/src/Illuminate/Foundation/Bootstrap/HandleExceptions.php(233): App\Exceptions\Handler->render(Object(Illuminate\Http\Request), Object(Illuminate\View\ViewException)).  

   WARN  #31 vendor/laravel/framework/src/Illuminate/Foundation/Bootstrap/HandleExceptions.php(210): Illuminate\Foundation\Bootstrap\HandleExceptions->renderHttpResponse(Object(Illuminate\View\ViewException)).  

   WARN  #32 vendor/laravel/framework/src/Illuminate/Foundation/Bootstrap/HandleExceptions.php(270): Illuminate\Foundation\Bootstrap\HandleExceptions->handleException(Object(Illuminate\View\ViewException)).  

   WARN  #33 [internal function]: Illuminate\Foundation\Bootstrap\HandleExceptions->Illuminate\Foundation\Bootstrap\{closure}(Object(Illuminate\View\ViewException)).  

   WARN  #34 {main}.  

   WARN  Next Illuminate\View\ViewException: SQLSTATE[42S22]: Column not found: 1054 Unknown column 'status' in 'where clause' (SQL: select * from `languages` where `status` = 1 and `languages`.`deleted_at` is null) (View: resources/views/frontend/inc/header.blade.php) (View: resources/views/frontend/inc/header.blade.php) in vendor/laravel/framework/src/Illuminate/Database/Connection.php:760.  

   WARN  Stack trace:  

   WARN  #0 vendor/laravel/framework/src/Illuminate/View/Engines/PhpEngine.php(60): Illuminate\View\Engines\CompilerEngine->handleViewException(Object(Illuminate\View\ViewException), 2).  

   WARN  #1 vendor/laravel/framework/src/Illuminate/View/Engines/CompilerEngine.php(70): Illuminate\View\Engines\PhpEngine->evaluatePath('/Users/sanket/D...', Array).  

   WARN  #2 vendor/laravel/framework/src/Illuminate/View/View.php(195): Illuminate\View\Engines\CompilerEngine->get('/Users/sanket/D...', Array).  

   WARN  #3 vendor/laravel/framework/src/Illuminate/View/View.php(178): Illuminate\View\View->getContents().  

   WARN  #4 vendor/laravel/framework/src/Illuminate/View/View.php(147): Illuminate\View\View->renderContents().  

   WARN  #5 storage/framework/views/9ffbb18b5434c05b2ce2f4116a39e1ab73e54eb4.php(17): Illuminate\View\View->render().  

   WARN  #6 vendor/laravel/framework/src/Illuminate/Filesystem/Filesystem.php(109): require('/Users/sanket/D...').  

   WARN  #7 vendor/laravel/framework/src/Illuminate/Filesystem/Filesystem.php(110): Illuminate\Filesystem\Filesystem::Illuminate\Filesystem\{closure}().  

   WARN  #8 vendor/laravel/framework/src/Illuminate/View/Engines/PhpEngine.php(58): Illuminate\Filesystem\Filesystem->getRequire('/Users/sanket/D...', Array).  

   WARN  #9 vendor/laravel/framework/src/Illuminate/View/Engines/CompilerEngine.php(70): Illuminate\View\Engines\PhpEngine->evaluatePath('/Users/sanket/D...', Array).  

   WARN  #10 vendor/laravel/framework/src/Illuminate/View/View.php(195): Illuminate\View\Engines\CompilerEngine->get('/Users/sanket/D...', Array).  

   WARN  #11 vendor/laravel/framework/src/Illuminate/View/View.php(178): Illuminate\View\View->getContents().  

   WARN  #12 vendor/laravel/framework/src/Illuminate/View/View.php(147): Illuminate\View\View->renderContents().  

   WARN  #13 vendor/laravel/framework/src/Illuminate/Http/Response.php(69): Illuminate\View\View->render().  

   WARN  #14 vendor/laravel/framework/src/Illuminate/Http/Response.php(35): Illuminate\Http\Response->setContent(Object(Illuminate\View\View)).  

   WARN  #15 vendor/laravel/framework/src/Illuminate/Routing/ResponseFactory.php(57): Illuminate\Http\Response->__construct(Object(Illuminate\View\View), 500, Array).  

   WARN  #16 vendor/laravel/framework/src/Illuminate/Routing/ResponseFactory.php(87): Illuminate\Routing\ResponseFactory->make(Object(Illuminate\View\View), 500, Array).  

   WARN  #17 vendor/laravel/framework/src/Illuminate/Foundation/Exceptions/Handler.php(626): Illuminate\Routing\ResponseFactory->view('errors::500', Array, 500, Array).  

   WARN  #18 vendor/laravel/framework/src/Illuminate/Foundation/Exceptions/Handler.php(554): Illuminate\Foundation\Exceptions\Handler->renderHttpException(Object(Symfony\Component\HttpKernel\Exception\HttpException)).  

   WARN  #19 vendor/laravel/framework/src/Illuminate/Foundation/Exceptions/Handler.php(460): Illuminate\Foundation\Exceptions\Handler->prepareResponse(Object(Illuminate\Http\Request), Object(Symfony\Component\HttpKernel\Exception\HttpException)).  

   WARN  #20 vendor/laravel/framework/src/Illuminate/Foundation/Exceptions/Handler.php(377): Illuminate\Foundation\Exceptions\Handler->renderExceptionResponse(Object(Illuminate\Http\Request), Object(Spatie\LaravelIgnition\Exceptions\ViewException)).  

   WARN  #21 app/Exceptions/Handler.php(53): Illuminate\Foundation\Exceptions\Handler->render(Object(Illuminate\Http\Request), Object(Spatie\LaravelIgnition\Exceptions\ViewException)).  

   WARN  #22 vendor/laravel/framework/src/Illuminate/Foundation/Bootstrap/HandleExceptions.php(233): App\Exceptions\Handler->render(Object(Illuminate\Http\Request), Object(Illuminate\View\ViewException)).  

   WARN  #23 vendor/laravel/framework/src/Illuminate/Foundation/Bootstrap/HandleExceptions.php(210): Illuminate\Foundation\Bootstrap\HandleExceptions->renderHttpResponse(Object(Illuminate\View\ViewException)).  

   WARN  #24 vendor/laravel/framework/src/Illuminate/Foundation/Bootstrap/HandleExceptions.php(270): Illuminate\Foundation\Bootstrap\HandleExceptions->handleException(Object(Illuminate\View\ViewException)).  

   WARN  #25 [internal function]: Illuminate\Foundation\Bootstrap\HandleExceptions->Illuminate\Foundation\Bootstrap\{closure}(Object(Illuminate\View\ViewException)).  

   WARN  #26 {main}.  

   WARN  Next Illuminate\View\ViewException: SQLSTATE[42S22]: Column not found: 1054 Unknown column 'status' in 'where clause' (SQL: select * from `languages` where `status` = 1 and `languages`.`deleted_at` is null) (View: resources/views/frontend/inc/header.blade.php) (View: resources/views/frontend/inc/header.blade.php) (View: resources/views/frontend/inc/header.blade.php) in vendor/laravel/framework/src/Illuminate/Database/Connection.php:760.  

   WARN  Stack trace:  

   WARN  #0 vendor/laravel/framework/src/Illuminate/View/Engines/PhpEngine.php(60): Illuminate\View\Engines\CompilerEngine->handleViewException(Object(Illuminate\View\ViewException), 1).  

   WARN  #1 vendor/laravel/framework/src/Illuminate/View/Engines/CompilerEngine.php(70): Illuminate\View\Engines\PhpEngine->evaluatePath('/Users/sanket/D...', Array).  

   WARN  #2 vendor/laravel/framework/src/Illuminate/View/View.php(195): Illuminate\View\Engines\CompilerEngine->get('/Users/sanket/D...', Array).  

   WARN  #3 vendor/laravel/framework/src/Illuminate/View/View.php(178): Illuminate\View\View->getContents().  

   WARN  #4 vendor/laravel/framework/src/Illuminate/View/View.php(147): Illuminate\View\View->renderContents().  

   WARN  #5 vendor/laravel/framework/src/Illuminate/Http/Response.php(69): Illuminate\View\View->render().  

   WARN  #6 vendor/laravel/framework/src/Illuminate/Http/Response.php(35): Illuminate\Http\Response->setContent(Object(Illuminate\View\View)).  

   WARN  #7 vendor/laravel/framework/src/Illuminate/Routing/ResponseFactory.php(57): Illuminate\Http\Response->__construct(Object(Illuminate\View\View), 500, Array).  

   WARN  #8 vendor/laravel/framework/src/Illuminate/Routing/ResponseFactory.php(87): Illuminate\Routing\ResponseFactory->make(Object(Illuminate\View\View), 500, Array).  

   WARN  #9 vendor/laravel/framework/src/Illuminate/Foundation/Exceptions/Handler.php(626): Illuminate\Routing\ResponseFactory->view('errors::500', Array, 500, Array).  

   WARN  #10 vendor/laravel/framework/src/Illuminate/Foundation/Exceptions/Handler.php(554): Illuminate\Foundation\Exceptions\Handler->renderHttpException(Object(Symfony\Component\HttpKernel\Exception\HttpException)).  

   WARN  #11 vendor/laravel/framework/src/Illuminate/Foundation/Exceptions/Handler.php(460): Illuminate\Foundation\Exceptions\Handler->prepareResponse(Object(Illuminate\Http\Request), Object(Symfony\Component\HttpKernel\Exception\HttpException)).  

   WARN  #12 vendor/laravel/framework/src/Illuminate/Foundation/Exceptions/Handler.php(377): Illuminate\Foundation\Exceptions\Handler->renderExceptionResponse(Object(Illuminate\Http\Request), Object(Spatie\LaravelIgnition\Exceptions\ViewException)).  

   WARN  #13 app/Exceptions/Handler.php(53): Illuminate\Foundation\Exceptions\Handler->render(Object(Illuminate\Http\Request), Object(Spatie\LaravelIgnition\Exceptions\ViewException)).  

   WARN  #14 vendor/laravel/framework/src/Illuminate/Foundation/Bootstrap/HandleExceptions.php(233): App\Exceptions\Handler->render(Object(Illuminate\Http\Request), Object(Illuminate\View\ViewException)).  

   WARN  #15 vendor/laravel/framework/src/Illuminate/Foundation/Bootstrap/HandleExceptions.php(210): Illuminate\Foundation\Bootstrap\HandleExceptions->renderHttpResponse(Object(Illuminate\View\ViewException)).  

   WARN  #16 vendor/laravel/framework/src/Illuminate/Foundation/Bootstrap/HandleExceptions.php(270): Illuminate\Foundation\Bootstrap\HandleExceptions->handleException(Object(Illuminate\View\ViewException)).  

   WARN  #17 [internal function]: Illuminate\Foundation\Bootstrap\HandleExceptions->Illuminate\Foundation\Bootstrap\{closure}(Object(Illuminate\View\ViewException)).  

   WARN  #18 {main}.  

   WARN  thrown in vendor/laravel/framework/src/Illuminate/Database/Connection.php on line 760.  

   WARN  PHP Fatal error: Uncaught PDOException: SQLSTATE[42S22]: Column not found: 1054 Unknown column 'status' in 'where clause' in vendor/laravel/framework/src/Illuminate/Database/Connection.php:414.  

   WARN  Stack trace:  

   WARN  #0 vendor/laravel/framework/src/Illuminate/Database/Connection.php(414): PDO->prepare('select * from `...').  

   WARN  #1 vendor/laravel/framework/src/Illuminate/Database/Connection.php(753): Illuminate\Database\Connection->Illuminate\Database\{closure}('select * from `...', Array).  

   WARN  #2 vendor/laravel/framework/src/Illuminate/Database/Connection.php(720): Illuminate\Database\Connection->runQueryCallback('select * from `...', Array, Object(Closure)).  

   WARN  #3 vendor/laravel/framework/src/Illuminate/Database/Connection.php(405): Illuminate\Database\Connection->run('select * from `...', Array, Object(Closure)).  

   WARN  #4 vendor/laravel/framework/src/Illuminate/Database/Query/Builder.php(2705): Illuminate\Database\Connection->select('select * from `...', Array, true).  

   WARN  #5 vendor/laravel/framework/src/Illuminate/Database/Query/Builder.php(2694): Illuminate\Database\Query\Builder->runSelect().  

   WARN  #6 vendor/laravel/framework/src/Illuminate/Database/Query/Builder.php(3230): Illuminate\Database\Query\Builder->Illuminate\Database\Query\{closure}().  

   WARN  #7 vendor/laravel/framework/src/Illuminate/Database/Query/Builder.php(2693): Illuminate\Database\Query\Builder->onceWithColumns(Array, Object(Closure)).  

   WARN  #8 vendor/laravel/framework/src/Illuminate/Database/Eloquent/Builder.php(710): Illuminate\Database\Query\Builder->get(Array).  

   WARN  #9 vendor/laravel/framework/src/Illuminate/Database/Eloquent/Builder.php(694): Illuminate\Database\Eloquent\Builder->getModels(Array).  

   WARN  #10 storage/framework/views/23518080ae7ee854b82ae47f2d950cf26ee2c831.php(44): Illuminate\Database\Eloquent\Builder->get().  

   WARN  #11 vendor/laravel/framework/src/Illuminate/Filesystem/Filesystem.php(109): require('/Users/sanket/D...').  

   WARN  #12 vendor/laravel/framework/src/Illuminate/Filesystem/Filesystem.php(110): Illuminate\Filesystem\Filesystem::Illuminate\Filesystem\{closure}().  

   WARN  #13 vendor/laravel/framework/src/Illuminate/View/Engines/PhpEngine.php(58): Illuminate\Filesystem\Filesystem->getRequire('/Users/sanket/D...', Array).  

   WARN  #14 vendor/laravel/framework/src/Illuminate/View/Engines/CompilerEngine.php(70): Illuminate\View\Engines\PhpEngine->evaluatePath('/Users/sanket/D...', Array).  

   WARN  #15 vendor/laravel/framework/src/Illuminate/View/View.php(195): Illuminate\View\Engines\CompilerEngine->get('/Users/sanket/D...', Array).  

   WARN  #16 vendor/laravel/framework/src/Illuminate/View/View.php(178): Illuminate\View\View->getContents().  

   WARN  #17 vendor/laravel/framework/src/Illuminate/View/View.php(147): Illuminate\View\View->renderContents().  

   WARN  #18 storage/framework/views/81a5e466783f04f6291855a5dd02b6586bebf502.php(175): Illuminate\View\View->render().  

   WARN  #19 vendor/laravel/framework/src/Illuminate/Filesystem/Filesystem.php(109): require('/Users/sanket/D...').  

   WARN  #20 vendor/laravel/framework/src/Illuminate/Filesystem/Filesystem.php(110): Illuminate\Filesystem\Filesystem::Illuminate\Filesystem\{closure}().  

   WARN  #21 vendor/laravel/framework/src/Illuminate/View/Engines/PhpEngine.php(58): Illuminate\Filesystem\Filesystem->getRequire('/Users/sanket/D...', Array).  

   WARN  #22 vendor/laravel/framework/src/Illuminate/View/Engines/CompilerEngine.php(70): Illuminate\View\Engines\PhpEngine->evaluatePath('/Users/sanket/D...', Array).  

   WARN  #23 vendor/laravel/framework/src/Illuminate/View/View.php(195): Illuminate\View\Engines\CompilerEngine->get('/Users/sanket/D...', Array).  

   WARN  #24 vendor/laravel/framework/src/Illuminate/View/View.php(178): Illuminate\View\View->getContents().  

   WARN  #25 vendor/laravel/framework/src/Illuminate/View/View.php(147): Illuminate\View\View->renderContents().  

   WARN  #26 storage/framework/views/9ffbb18b5434c05b2ce2f4116a39e1ab73e54eb4.php(17): Illuminate\View\View->render().  

   WARN  #27 vendor/laravel/framework/src/Illuminate/Filesystem/Filesystem.php(109): require('/Users/sanket/D...').  

   WARN  #28 vendor/laravel/framework/src/Illuminate/Filesystem/Filesystem.php(110): Illuminate\Filesystem\Filesystem::Illuminate\Filesystem\{closure}().  

   WARN  #29 vendor/laravel/framework/src/Illuminate/View/Engines/PhpEngine.php(58): Illuminate\Filesystem\Filesystem->getRequire('/Users/sanket/D...', Array).  

   WARN  #30 vendor/laravel/framework/src/Illuminate/View/Engines/CompilerEngine.php(70): Illuminate\View\Engines\PhpEngine->evaluatePath('/Users/sanket/D...', Array).  

   WARN  #31 vendor/laravel/framework/src/Illuminate/View/View.php(195): Illuminate\View\Engines\CompilerEngine->get('/Users/sanket/D...', Array).  

   WARN  #32 vendor/laravel/framework/src/Illuminate/View/View.php(178): Illuminate\View\View->getContents().  

   WARN  #33 vendor/laravel/framework/src/Illuminate/View/View.php(147): Illuminate\View\View->renderContents().  

   WARN  #34 vendor/laravel/framework/src/Illuminate/Http/Response.php(69): Illuminate\View\View->render().  

   WARN  #35 vendor/laravel/framework/src/Illuminate/Http/Response.php(35): Illuminate\Http\Response->setContent(Object(Illuminate\View\View)).  

   WARN  #36 vendor/laravel/framework/src/Illuminate/Routing/ResponseFactory.php(57): Illuminate\Http\Response->__construct(Object(Illuminate\View\View), 500, Array).  

   WARN  #37 vendor/laravel/framework/src/Illuminate/Routing/ResponseFactory.php(87): Illuminate\Routing\ResponseFactory->make(Object(Illuminate\View\View), 500, Array).  

   WARN  #38 vendor/laravel/framework/src/Illuminate/Foundation/Exceptions/Handler.php(626): Illuminate\Routing\ResponseFactory->view('errors::500', Array, 500, Array).  

   WARN  #39 vendor/laravel/framework/src/Illuminate/Foundation/Exceptions/Handler.php(554): Illuminate\Foundation\Exceptions\Handler->renderHttpException(Object(Symfony\Component\HttpKernel\Exception\HttpException)).  

   WARN  #40 vendor/laravel/framework/src/Illuminate/Foundation/Exceptions/Handler.php(460): Illuminate\Foundation\Exceptions\Handler->prepareResponse(Object(Illuminate\Http\Request), Object(Symfony\Component\HttpKernel\Exception\HttpException)).  

   WARN  #41 vendor/laravel/framework/src/Illuminate/Foundation/Exceptions/Handler.php(377): Illuminate\Foundation\Exceptions\Handler->renderExceptionResponse(Object(Illuminate\Http\Request), Object(Symfony\Component\ErrorHandler\Error\FatalError)).  

   WARN  #42 app/Exceptions/Handler.php(53): Illuminate\Foundation\Exceptions\Handler->render(Object(Illuminate\Http\Request), Object(Symfony\Component\ErrorHandler\Error\FatalError)).  

   WARN  #43 vendor/laravel/framework/src/Illuminate/Foundation/Bootstrap/HandleExceptions.php(233): App\Exceptions\Handler->render(Object(Illuminate\Http\Request), Object(Symfony\Component\ErrorHandler\Error\FatalError)).  

   WARN  #44 vendor/laravel/framework/src/Illuminate/Foundation/Bootstrap/HandleExceptions.php(210): Illuminate\Foundation\Bootstrap\HandleExceptions->renderHttpResponse(Object(Symfony\Component\ErrorHandler\Error\FatalError)).  

   WARN  #45 vendor/laravel/framework/src/Illuminate/Foundation/Bootstrap/HandleExceptions.php(246): Illuminate\Foundation\Bootstrap\HandleExceptions->handleException(Object(Symfony\Component\ErrorHandler\Error\FatalError)).  

   WARN  #46 vendor/laravel/framework/src/Illuminate/Foundation/Bootstrap/HandleExceptions.php(270): Illuminate\Foundation\Bootstrap\HandleExceptions->handleShutdown().  

   WARN  #47 [internal function]: Illuminate\Foundation\Bootstrap\HandleExceptions->Illuminate\Foundation\Bootstrap\{closure}().  

   WARN  #48 {main}.  

   WARN  Next Illuminate\Database\QueryException: SQLSTATE[42S22]: Column not found: 1054 Unknown column 'status' in 'where clause' (SQL: select * from `languages` where `status` = 1 and `languages`.`deleted_at` is null) in vendor/laravel/framework/src/Illuminate/Database/Connection.php:760.  

   WARN  Stack trace:  

   WARN  #0 vendor/laravel/framework/src/Illuminate/Database/Connection.php(720): Illuminate\Database\Connection->runQueryCallback('select * from `...', Array, Object(Closure)).  

   WARN  #1 vendor/laravel/framework/src/Illuminate/Database/Connection.php(405): Illuminate\Database\Connection->run('select * from `...', Array, Object(Closure)).  

   WARN  #2 vendor/laravel/framework/src/Illuminate/Database/Query/Builder.php(2705): Illuminate\Database\Connection->select('select * from `...', Array, true).  

   WARN  #3 vendor/laravel/framework/src/Illuminate/Database/Query/Builder.php(2694): Illuminate\Database\Query\Builder->runSelect().  

   WARN  #4 vendor/laravel/framework/src/Illuminate/Database/Query/Builder.php(3230): Illuminate\Database\Query\Builder->Illuminate\Database\Query\{closure}().  

   WARN  #5 vendor/laravel/framework/src/Illuminate/Database/Query/Builder.php(2693): Illuminate\Database\Query\Builder->onceWithColumns(Array, Object(Closure)).  

   WARN  #6 vendor/laravel/framework/src/Illuminate/Database/Eloquent/Builder.php(710): Illuminate\Database\Query\Builder->get(Array).  

   WARN  #7 vendor/laravel/framework/src/Illuminate/Database/Eloquent/Builder.php(694): Illuminate\Database\Eloquent\Builder->getModels(Array).  

   WARN  #8 storage/framework/views/23518080ae7ee854b82ae47f2d950cf26ee2c831.php(44): Illuminate\Database\Eloquent\Builder->get().  

   WARN  #9 vendor/laravel/framework/src/Illuminate/Filesystem/Filesystem.php(109): require('/Users/sanket/D...').  

   WARN  #10 vendor/laravel/framework/src/Illuminate/Filesystem/Filesystem.php(110): Illuminate\Filesystem\Filesystem::Illuminate\Filesystem\{closure}().  

   WARN  #11 vendor/laravel/framework/src/Illuminate/View/Engines/PhpEngine.php(58): Illuminate\Filesystem\Filesystem->getRequire('/Users/sanket/D...', Array).  

   WARN  #12 vendor/laravel/framework/src/Illuminate/View/Engines/CompilerEngine.php(70): Illuminate\View\Engines\PhpEngine->evaluatePath('/Users/sanket/D...', Array).  

   WARN  #13 vendor/laravel/framework/src/Illuminate/View/View.php(195): Illuminate\View\Engines\CompilerEngine->get('/Users/sanket/D...', Array).  

   WARN  #14 vendor/laravel/framework/src/Illuminate/View/View.php(178): Illuminate\View\View->getContents().  

   WARN  #15 vendor/laravel/framework/src/Illuminate/View/View.php(147): Illuminate\View\View->renderContents().  

   WARN  #16 storage/framework/views/81a5e466783f04f6291855a5dd02b6586bebf502.php(175): Illuminate\View\View->render().  

   WARN  #17 vendor/laravel/framework/src/Illuminate/Filesystem/Filesystem.php(109): require('/Users/sanket/D...').  

   WARN  #18 vendor/laravel/framework/src/Illuminate/Filesystem/Filesystem.php(110): Illuminate\Filesystem\Filesystem::Illuminate\Filesystem\{closure}().  

   WARN  #19 vendor/laravel/framework/src/Illuminate/View/Engines/PhpEngine.php(58): Illuminate\Filesystem\Filesystem->getRequire('/Users/sanket/D...', Array).  

   WARN  #20 vendor/laravel/framework/src/Illuminate/View/Engines/CompilerEngine.php(70): Illuminate\View\Engines\PhpEngine->evaluatePath('/Users/sanket/D...', Array).  

   WARN  #21 vendor/laravel/framework/src/Illuminate/View/View.php(195): Illuminate\View\Engines\CompilerEngine->get('/Users/sanket/D...', Array).  

   WARN  #22 vendor/laravel/framework/src/Illuminate/View/View.php(178): Illuminate\View\View->getContents().  

   WARN  #23 vendor/laravel/framework/src/Illuminate/View/View.php(147): Illuminate\View\View->renderContents().  

   WARN  #24 storage/framework/views/9ffbb18b5434c05b2ce2f4116a39e1ab73e54eb4.php(17): Illuminate\View\View->render().  

   WARN  #25 vendor/laravel/framework/src/Illuminate/Filesystem/Filesystem.php(109): require('/Users/sanket/D...').  

   WARN  #26 vendor/laravel/framework/src/Illuminate/Filesystem/Filesystem.php(110): Illuminate\Filesystem\Filesystem::Illuminate\Filesystem\{closure}().  

   WARN  #27 vendor/laravel/framework/src/Illuminate/View/Engines/PhpEngine.php(58): Illuminate\Filesystem\Filesystem->getRequire('/Users/sanket/D...', Array).  

   WARN  #28 vendor/laravel/framework/src/Illuminate/View/Engines/CompilerEngine.php(70): Illuminate\View\Engines\PhpEngine->evaluatePath('/Users/sanket/D...', Array).  

   WARN  #29 vendor/laravel/framework/src/Illuminate/View/View.php(195): Illuminate\View\Engines\CompilerEngine->get('/Users/sanket/D...', Array).  

   WARN  #30 vendor/laravel/framework/src/Illuminate/View/View.php(178): Illuminate\View\View->getContents().  

   WARN  #31 vendor/laravel/framework/src/Illuminate/View/View.php(147): Illuminate\View\View->renderContents().  

   WARN  #32 vendor/laravel/framework/src/Illuminate/Http/Response.php(69): Illuminate\View\View->render().  

   WARN  #33 vendor/laravel/framework/src/Illuminate/Http/Response.php(35): Illuminate\Http\Response->setContent(Object(Illuminate\View\View)).  

   WARN  #34 vendor/laravel/framework/src/Illuminate/Routing/ResponseFactory.php(57): Illuminate\Http\Response->__construct(Object(Illuminate\View\View), 500, Array).  

   WARN  #35 vendor/laravel/framework/src/Illuminate/Routing/ResponseFactory.php(87): Illuminate\Routing\ResponseFactory->make(Object(Illuminate\View\View), 500, Array).  

   WARN  #36 vendor/laravel/framework/src/Illuminate/Foundation/Exceptions/Handler.php(626): Illuminate\Routing\ResponseFactory->view('errors::500', Array, 500, Array).  

   WARN  #37 vendor/laravel/framework/src/Illuminate/Foundation/Exceptions/Handler.php(554): Illuminate\Foundation\Exceptions\Handler->renderHttpException(Object(Symfony\Component\HttpKernel\Exception\HttpException)).  

   WARN  #38 vendor/laravel/framework/src/Illuminate/Foundation/Exceptions/Handler.php(460): Illuminate\Foundation\Exceptions\Handler->prepareResponse(Object(Illuminate\Http\Request), Object(Symfony\Component\HttpKernel\Exception\HttpException)).  

   WARN  #39 vendor/laravel/framework/src/Illuminate/Foundation/Exceptions/Handler.php(377): Illuminate\Foundation\Exceptions\Handler->renderExceptionResponse(Object(Illuminate\Http\Request), Object(Symfony\Component\ErrorHandler\Error\FatalError)).  

   WARN  #40 app/Exceptions/Handler.php(53): Illuminate\Foundation\Exceptions\Handler->render(Object(Illuminate\Http\Request), Object(Symfony\Component\ErrorHandler\Error\FatalError)).  

   WARN  #41 vendor/laravel/framework/src/Illuminate/Foundation/Bootstrap/HandleExceptions.php(233): App\Exceptions\Handler->render(Object(Illuminate\Http\Request), Object(Symfony\Component\ErrorHandler\Error\FatalError)).  

   WARN  #42 vendor/laravel/framework/src/Illuminate/Foundation/Bootstrap/HandleExceptions.php(210): Illuminate\Foundation\Bootstrap\HandleExceptions->renderHttpResponse(Object(Symfony\Component\ErrorHandler\Error\FatalError)).  

   WARN  #43 vendor/laravel/framework/src/Illuminate/Foundation/Bootstrap/HandleExceptions.php(246): Illuminate\Foundation\Bootstrap\HandleExceptions->handleException(Object(Symfony\Component\ErrorHandler\Error\FatalError)).  

   WARN  #44 vendor/laravel/framework/src/Illuminate/Foundation/Bootstrap/HandleExceptions.php(270): Illuminate\Foundation\Bootstrap\HandleExceptions->handleShutdown().  

   WARN  #45 [internal function]: Illuminate\Foundation\Bootstrap\HandleExceptions->Illuminate\Foundation\Bootstrap\{closure}().  

   WARN  #46 {main}.  

   WARN  Next Illuminate\View\ViewException: SQLSTATE[42S22]: Column not found: 1054 Unknown column 'status' in 'where clause' (SQL: select * from `languages` where `status` = 1 and `languages`.`deleted_at` is null) (View: resources/views/frontend/inc/header.blade.php) in vendor/laravel/framework/src/Illuminate/Database/Connection.php:760.  

   WARN  Stack trace:  

   WARN  #0 vendor/laravel/framework/src/Illuminate/View/Engines/PhpEngine.php(60): Illuminate\View\Engines\CompilerEngine->handleViewException(Object(Illuminate\Database\QueryException), 3).  

   WARN  #1 vendor/laravel/framework/src/Illuminate/View/Engines/CompilerEngine.php(70): Illuminate\View\Engines\PhpEngine->evaluatePath('/Users/sanket/D...', Array).  

   WARN  #2 vendor/laravel/framework/src/Illuminate/View/View.php(195): Illuminate\View\Engines\CompilerEngine->get('/Users/sanket/D...', Array).  

   WARN  #3 vendor/laravel/framework/src/Illuminate/View/View.php(178): Illuminate\View\View->getContents().  

   WARN  #4 vendor/laravel/framework/src/Illuminate/View/View.php(147): Illuminate\View\View->renderContents().  

   WARN  #5 storage/framework/views/81a5e466783f04f6291855a5dd02b6586bebf502.php(175): Illuminate\View\View->render().  

   WARN  #6 vendor/laravel/framework/src/Illuminate/Filesystem/Filesystem.php(109): require('/Users/sanket/D...').  

   WARN  #7 vendor/laravel/framework/src/Illuminate/Filesystem/Filesystem.php(110): Illuminate\Filesystem\Filesystem::Illuminate\Filesystem\{closure}().  

   WARN  #8 vendor/laravel/framework/src/Illuminate/View/Engines/PhpEngine.php(58): Illuminate\Filesystem\Filesystem->getRequire('/Users/sanket/D...', Array).  

   WARN  #9 vendor/laravel/framework/src/Illuminate/View/Engines/CompilerEngine.php(70): Illuminate\View\Engines\PhpEngine->evaluatePath('/Users/sanket/D...', Array).  

   WARN  #10 vendor/laravel/framework/src/Illuminate/View/View.php(195): Illuminate\View\Engines\CompilerEngine->get('/Users/sanket/D...', Array).  

   WARN  #11 vendor/laravel/framework/src/Illuminate/View/View.php(178): Illuminate\View\View->getContents().  

   WARN  #12 vendor/laravel/framework/src/Illuminate/View/View.php(147): Illuminate\View\View->renderContents().  

   WARN  #13 storage/framework/views/9ffbb18b5434c05b2ce2f4116a39e1ab73e54eb4.php(17): Illuminate\View\View->render().  

   WARN  #14 vendor/laravel/framework/src/Illuminate/Filesystem/Filesystem.php(109): require('/Users/sanket/D...').  

   WARN  #15 vendor/laravel/framework/src/Illuminate/Filesystem/Filesystem.php(110): Illuminate\Filesystem\Filesystem::Illuminate\Filesystem\{closure}().  

   WARN  #16 vendor/laravel/framework/src/Illuminate/View/Engines/PhpEngine.php(58): Illuminate\Filesystem\Filesystem->getRequire('/Users/sanket/D...', Array).  

   WARN  #17 vendor/laravel/framework/src/Illuminate/View/Engines/CompilerEngine.php(70): Illuminate\View\Engines\PhpEngine->evaluatePath('/Users/sanket/D...', Array).  

   WARN  #18 vendor/laravel/framework/src/Illuminate/View/View.php(195): Illuminate\View\Engines\CompilerEngine->get('/Users/sanket/D...', Array).  

   WARN  #19 vendor/laravel/framework/src/Illuminate/View/View.php(178): Illuminate\View\View->getContents().  

   WARN  #20 vendor/laravel/framework/src/Illuminate/View/View.php(147): Illuminate\View\View->renderContents().  

   WARN  #21 vendor/laravel/framework/src/Illuminate/Http/Response.php(69): Illuminate\View\View->render().  

   WARN  #22 vendor/laravel/framework/src/Illuminate/Http/Response.php(35): Illuminate\Http\Response->setContent(Object(Illuminate\View\View)).  

   WARN  #23 vendor/laravel/framework/src/Illuminate/Routing/ResponseFactory.php(57): Illuminate\Http\Response->__construct(Object(Illuminate\View\View), 500, Array).  

   WARN  #24 vendor/laravel/framework/src/Illuminate/Routing/ResponseFactory.php(87): Illuminate\Routing\ResponseFactory->make(Object(Illuminate\View\View), 500, Array).  

   WARN  #25 vendor/laravel/framework/src/Illuminate/Foundation/Exceptions/Handler.php(626): Illuminate\Routing\ResponseFactory->view('errors::500', Array, 500, Array).  

   WARN  #26 vendor/laravel/framework/src/Illuminate/Foundation/Exceptions/Handler.php(554): Illuminate\Foundation\Exceptions\Handler->renderHttpException(Object(Symfony\Component\HttpKernel\Exception\HttpException)).  

   WARN  #27 vendor/laravel/framework/src/Illuminate/Foundation/Exceptions/Handler.php(460): Illuminate\Foundation\Exceptions\Handler->prepareResponse(Object(Illuminate\Http\Request), Object(Symfony\Component\HttpKernel\Exception\HttpException)).  

   WARN  #28 vendor/laravel/framework/src/Illuminate/Foundation/Exceptions/Handler.php(377): Illuminate\Foundation\Exceptions\Handler->renderExceptionResponse(Object(Illuminate\Http\Request), Object(Symfony\Component\ErrorHandler\Error\FatalError)).  

   WARN  #29 app/Exceptions/Handler.php(53): Illuminate\Foundation\Exceptions\Handler->render(Object(Illuminate\Http\Request), Object(Symfony\Component\ErrorHandler\Error\FatalError)).  

   WARN  #30 vendor/laravel/framework/src/Illuminate/Foundation/Bootstrap/HandleExceptions.php(233): App\Exceptions\Handler->render(Object(Illuminate\Http\Request), Object(Symfony\Component\ErrorHandler\Error\FatalError)).  

   WARN  #31 vendor/laravel/framework/src/Illuminate/Foundation/Bootstrap/HandleExceptions.php(210): Illuminate\Foundation\Bootstrap\HandleExceptions->renderHttpResponse(Object(Symfony\Component\ErrorHandler\Error\FatalError)).  

   WARN  #32 vendor/laravel/framework/src/Illuminate/Foundation/Bootstrap/HandleExceptions.php(246): Illuminate\Foundation\Bootstrap\HandleExceptions->handleException(Object(Symfony\Component\ErrorHandler\Error\FatalError)).  

   WARN  #33 vendor/laravel/framework/src/Illuminate/Foundation/Bootstrap/HandleExceptions.php(270): Illuminate\Foundation\Bootstrap\HandleExceptions->handleShutdown().  

   WARN  #34 [internal function]: Illuminate\Foundation\Bootstrap\HandleExceptions->Illuminate\Foundation\Bootstrap\{closure}().  

   WARN  #35 {main}.  

   WARN  Next Illuminate\View\ViewException: SQLSTATE[42S22]: Column not found: 1054 Unknown column 'status' in 'where clause' (SQL: select * from `languages` where `status` = 1 and `languages`.`deleted_at` is null) (View: resources/views/frontend/inc/header.blade.php) (View: resources/views/frontend/inc/header.blade.php) in vendor/laravel/framework/src/Illuminate/Database/Connection.php:760.  

   WARN  Stack trace:  

   WARN  #0 vendor/laravel/framework/src/Illuminate/View/Engines/PhpEngine.php(60): Illuminate\View\Engines\CompilerEngine->handleViewException(Object(Illuminate\View\ViewException), 2).  

   WARN  #1 vendor/laravel/framework/src/Illuminate/View/Engines/CompilerEngine.php(70): Illuminate\View\Engines\PhpEngine->evaluatePath('/Users/sanket/D...', Array).  

   WARN  #2 vendor/laravel/framework/src/Illuminate/View/View.php(195): Illuminate\View\Engines\CompilerEngine->get('/Users/sanket/D...', Array).  

   WARN  #3 vendor/laravel/framework/src/Illuminate/View/View.php(178): Illuminate\View\View->getContents().  

   WARN  #4 vendor/laravel/framework/src/Illuminate/View/View.php(147): Illuminate\View\View->renderContents().  

   WARN  #5 storage/framework/views/9ffbb18b5434c05b2ce2f4116a39e1ab73e54eb4.php(17): Illuminate\View\View->render().  

   WARN  #6 vendor/laravel/framework/src/Illuminate/Filesystem/Filesystem.php(109): require('/Users/sanket/D...').  

   WARN  #7 vendor/laravel/framework/src/Illuminate/Filesystem/Filesystem.php(110): Illuminate\Filesystem\Filesystem::Illuminate\Filesystem\{closure}().  

   WARN  #8 vendor/laravel/framework/src/Illuminate/View/Engines/PhpEngine.php(58): Illuminate\Filesystem\Filesystem->getRequire('/Users/sanket/D...', Array).  

   WARN  #9 vendor/laravel/framework/src/Illuminate/View/Engines/CompilerEngine.php(70): Illuminate\View\Engines\PhpEngine->evaluatePath('/Users/sanket/D...', Array).  

   WARN  #10 vendor/laravel/framework/src/Illuminate/View/View.php(195): Illuminate\View\Engines\CompilerEngine->get('/Users/sanket/D...', Array).  

   WARN  #11 vendor/laravel/framework/src/Illuminate/View/View.php(178): Illuminate\View\View->getContents().  

   WARN  #12 vendor/laravel/framework/src/Illuminate/View/View.php(147): Illuminate\View\View->renderContents().  

   WARN  #13 vendor/laravel/framework/src/Illuminate/Http/Response.php(69): Illuminate\View\View->render().  

   WARN  #14 vendor/laravel/framework/src/Illuminate/Http/Response.php(35): Illuminate\Http\Response->setContent(Object(Illuminate\View\View)).  

   WARN  #15 vendor/laravel/framework/src/Illuminate/Routing/ResponseFactory.php(57): Illuminate\Http\Response->__construct(Object(Illuminate\View\View), 500, Array).  

   WARN  #16 vendor/laravel/framework/src/Illuminate/Routing/ResponseFactory.php(87): Illuminate\Routing\ResponseFactory->make(Object(Illuminate\View\View), 500, Array).  

   WARN  #17 vendor/laravel/framework/src/Illuminate/Foundation/Exceptions/Handler.php(626): Illuminate\Routing\ResponseFactory->view('errors::500', Array, 500, Array).  

   WARN  #18 vendor/laravel/framework/src/Illuminate/Foundation/Exceptions/Handler.php(554): Illuminate\Foundation\Exceptions\Handler->renderHttpException(Object(Symfony\Component\HttpKernel\Exception\HttpException)).  

   WARN  #19 vendor/laravel/framework/src/Illuminate/Foundation/Exceptions/Handler.php(460): Illuminate\Foundation\Exceptions\Handler->prepareResponse(Object(Illuminate\Http\Request), Object(Symfony\Component\HttpKernel\Exception\HttpException)).  

   WARN  #20 vendor/laravel/framework/src/Illuminate/Foundation/Exceptions/Handler.php(377): Illuminate\Foundation\Exceptions\Handler->renderExceptionResponse(Object(Illuminate\Http\Request), Object(Symfony\Component\ErrorHandler\Error\FatalError)).  

   WARN  #21 app/Exceptions/Handler.php(53): Illuminate\Foundation\Exceptions\Handler->render(Object(Illuminate\Http\Request), Object(Symfony\Component\ErrorHandler\Error\FatalError)).  

   WARN  #22 vendor/laravel/framework/src/Illuminate/Foundation/Bootstrap/HandleExceptions.php(233): App\Exceptions\Handler->render(Object(Illuminate\Http\Request), Object(Symfony\Component\ErrorHandler\Error\FatalError)).  

   WARN  #23 vendor/laravel/framework/src/Illuminate/Foundation/Bootstrap/HandleExceptions.php(210): Illuminate\Foundation\Bootstrap\HandleExceptions->renderHttpResponse(Object(Symfony\Component\ErrorHandler\Error\FatalError)).  

   WARN  #24 vendor/laravel/framework/src/Illuminate/Foundation/Bootstrap/HandleExceptions.php(246): Illuminate\Foundation\Bootstrap\HandleExceptions->handleException(Object(Symfony\Component\ErrorHandler\Error\FatalError)).  

   WARN  #25 vendor/laravel/framework/src/Illuminate/Foundation/Bootstrap/HandleExceptions.php(270): Illuminate\Foundation\Bootstrap\HandleExceptions->handleShutdown().  

   WARN  #26 [internal function]: Illuminate\Foundation\Bootstrap\HandleExceptions->Illuminate\Foundation\Bootstrap\{closure}().  

   WARN  #27 {main}.  

   WARN  Next Illuminate\View\ViewException: SQLSTATE[42S22]: Column not found: 1054 Unknown column 'status' in 'where clause' (SQL: select * from `languages` where `status` = 1 and `languages`.`deleted_at` is null) (View: resources/views/frontend/inc/header.blade.php) (View: resources/views/frontend/inc/header.blade.php) (View: resources/views/frontend/inc/header.blade.php) in vendor/laravel/framework/src/Illuminate/Database/Connection.php:760.  

   WARN  Stack trace:  

   WARN  #0 vendor/laravel/framework/src/Illuminate/View/Engines/PhpEngine.php(60): Illuminate\View\Engines\CompilerEngine->handleViewException(Object(Illuminate\View\ViewException), 1).  

   WARN  #1 vendor/laravel/framework/src/Illuminate/View/Engines/CompilerEngine.php(70): Illuminate\View\Engines\PhpEngine->evaluatePath('/Users/sanket/D...', Array).  

   WARN  #2 vendor/laravel/framework/src/Illuminate/View/View.php(195): Illuminate\View\Engines\CompilerEngine->get('/Users/sanket/D...', Array).  

   WARN  #3 vendor/laravel/framework/src/Illuminate/View/View.php(178): Illuminate\View\View->getContents().  

   WARN  #4 vendor/laravel/framework/src/Illuminate/View/View.php(147): Illuminate\View\View->renderContents().  

   WARN  #5 vendor/laravel/framework/src/Illuminate/Http/Response.php(69): Illuminate\View\View->render().  

   WARN  #6 vendor/laravel/framework/src/Illuminate/Http/Response.php(35): Illuminate\Http\Response->setContent(Object(Illuminate\View\View)).  

   WARN  #7 vendor/laravel/framework/src/Illuminate/Routing/ResponseFactory.php(57): Illuminate\Http\Response->__construct(Object(Illuminate\View\View), 500, Array).  

   WARN  #8 vendor/laravel/framework/src/Illuminate/Routing/ResponseFactory.php(87): Illuminate\Routing\ResponseFactory->make(Object(Illuminate\View\View), 500, Array).  

   WARN  #9 vendor/laravel/framework/src/Illuminate/Foundation/Exceptions/Handler.php(626): Illuminate\Routing\ResponseFactory->view('errors::500', Array, 500, Array).  

   WARN  #10 vendor/laravel/framework/src/Illuminate/Foundation/Exceptions/Handler.php(554): Illuminate\Foundation\Exceptions\Handler->renderHttpException(Object(Symfony\Component\HttpKernel\Exception\HttpException)).  

   WARN  #11 vendor/laravel/framework/src/Illuminate/Foundation/Exceptions/Handler.php(460): Illuminate\Foundation\Exceptions\Handler->prepareResponse(Object(Illuminate\Http\Request), Object(Symfony\Component\HttpKernel\Exception\HttpException)).  

   WARN  #12 vendor/laravel/framework/src/Illuminate/Foundation/Exceptions/Handler.php(377): Illuminate\Foundation\Exceptions\Handler->renderExceptionResponse(Object(Illuminate\Http\Request), Object(Symfony\Component\ErrorHandler\Error\FatalError)).  

   WARN  #13 app/Exceptions/Handler.php(53): Illuminate\Foundation\Exceptions\Handler->render(Object(Illuminate\Http\Request), Object(Symfony\Component\ErrorHandler\Error\FatalError)).  

   WARN  #14 vendor/laravel/framework/src/Illuminate/Foundation/Bootstrap/HandleExceptions.php(233): App\Exceptions\Handler->render(Object(Illuminate\Http\Request), Object(Symfony\Component\ErrorHandler\Error\FatalError)).  

   WARN  #15 vendor/laravel/framework/src/Illuminate/Foundation/Bootstrap/HandleExceptions.php(210): Illuminate\Foundation\Bootstrap\HandleExceptions->renderHttpResponse(Object(Symfony\Component\ErrorHandler\Error\FatalError)).  

   WARN  #16 vendor/laravel/framework/src/Illuminate/Foundation/Bootstrap/HandleExceptions.php(246): Illuminate\Foundation\Bootstrap\HandleExceptions->handleException(Object(Symfony\Component\ErrorHandler\Error\FatalError)).  

   WARN  #17 vendor/laravel/framework/src/Illuminate/Foundation/Bootstrap/HandleExceptions.php(270): Illuminate\Foundation\Bootstrap\HandleExceptions->handleShutdown().  

   WARN  #18 [internal function]: Illuminate\Foundation\Bootstrap\HandleExceptions->Illuminate\Foundation\Bootstrap\{closure}().  

   WARN  #19 {main}.  

   WARN  thrown in vendor/laravel/framework/src/Illuminate/Database/Connection.php on line 760.  

  2026-02-20 22:23:23 ................................ ~ 1s
  2026-02-20 22:23:24 .............................. ~ 110s
   WARN  PHP Fatal error: Uncaught PDOException: SQLSTATE[42S22]: Column not found: 1054 Unknown column 'status' in 'where clause' in vendor/laravel/framework/src/Illuminate/Database/Connection.php:414.  

   WARN  Stack trace:  

   WARN  #0 vendor/laravel/framework/src/Illuminate/Database/Connection.php(414): PDO->prepare('select * from `...').  

   WARN  #1 vendor/laravel/framework/src/Illuminate/Database/Connection.php(753): Illuminate\Database\Connection->Illuminate\Database\{closure}('select * from `...', Array).  

   WARN  #2 vendor/laravel/framework/src/Illuminate/Database/Connection.php(720): Illuminate\Database\Connection->runQueryCallback('select * from `...', Array, Object(Closure)).  

   WARN  #3 vendor/laravel/framework/src/Illuminate/Database/Connection.php(405): Illuminate\Database\Connection->run('select * from `...', Array, Object(Closure)).  

   WARN  #4 vendor/laravel/framework/src/Illuminate/Database/Query/Builder.php(2705): Illuminate\Database\Connection->select('select * from `...', Array, true).  

   WARN  #5 vendor/laravel/framework/src/Illuminate/Database/Query/Builder.php(2694): Illuminate\Database\Query\Builder->runSelect().  

   WARN  #6 vendor/laravel/framework/src/Illuminate/Database/Query/Builder.php(3230): Illuminate\Database\Query\Builder->Illuminate\Database\Query\{closure}().  

   WARN  #7 vendor/laravel/framework/src/Illuminate/Database/Query/Builder.php(2693): Illuminate\Database\Query\Builder->onceWithColumns(Array, Object(Closure)).  

   WARN  #8 vendor/laravel/framework/src/Illuminate/Database/Eloquent/Builder.php(710): Illuminate\Database\Query\Builder->get(Array).  

   WARN  #9 vendor/laravel/framework/src/Illuminate/Database/Eloquent/Builder.php(694): Illuminate\Database\Eloquent\Builder->getModels(Array).  

   WARN  #10 storage/framework/views/23518080ae7ee854b82ae47f2d950cf26ee2c831.php(44): Illuminate\Database\Eloquent\Builder->get().  

   WARN  #11 vendor/laravel/framework/src/Illuminate/Filesystem/Filesystem.php(109): require('/Users/sanket/D...').  

   WARN  #12 vendor/laravel/framework/src/Illuminate/Filesystem/Filesystem.php(110): Illuminate\Filesystem\Filesystem::Illuminate\Filesystem\{closure}().  

   WARN  #13 vendor/laravel/framework/src/Illuminate/View/Engines/PhpEngine.php(58): Illuminate\Filesystem\Filesystem->getRequire('/Users/sanket/D...', Array).  

   WARN  #14 vendor/laravel/framework/src/Illuminate/View/Engines/CompilerEngine.php(70): Illuminate\View\Engines\PhpEngine->evaluatePath('/Users/sanket/D...', Array).  

   WARN  #15 vendor/laravel/framework/src/Illuminate/View/View.php(195): Illuminate\View\Engines\CompilerEngine->get('/Users/sanket/D...', Array).  

   WARN  #16 vendor/laravel/framework/src/Illuminate/View/View.php(178): Illuminate\View\View->getContents().  

   WARN  #17 vendor/laravel/framework/src/Illuminate/View/View.php(147): Illuminate\View\View->renderContents().  

   WARN  #18 storage/framework/views/81a5e466783f04f6291855a5dd02b6586bebf502.php(175): Illuminate\View\View->render().  

   WARN  #19 vendor/laravel/framework/src/Illuminate/Filesystem/Filesystem.php(109): require('/Users/sanket/D...').  

   WARN  #20 vendor/laravel/framework/src/Illuminate/Filesystem/Filesystem.php(110): Illuminate\Filesystem\Filesystem::Illuminate\Filesystem\{closure}().  

   WARN  #21 vendor/laravel/framework/src/Illuminate/View/Engines/PhpEngine.php(58): Illuminate\Filesystem\Filesystem->getRequire('/Users/sanket/D...', Array).  

   WARN  #22 vendor/laravel/framework/src/Illuminate/View/Engines/CompilerEngine.php(70): Illuminate\View\Engines\PhpEngine->evaluatePath('/Users/sanket/D...', Array).  

   WARN  #23 vendor/laravel/framework/src/Illuminate/View/View.php(195): Illuminate\View\Engines\CompilerEngine->get('/Users/sanket/D...', Array).  

   WARN  #24 vendor/laravel/framework/src/Illuminate/View/View.php(178): Illuminate\View\View->getContents().  

   WARN  #25 vendor/laravel/framework/src/Illuminate/View/View.php(147): Illuminate\View\View->renderContents().  

   WARN  #26 storage/framework/views/9ffbb18b5434c05b2ce2f4116a39e1ab73e54eb4.php(17): Illuminate\View\View->render().  

   WARN  #27 vendor/laravel/framework/src/Illuminate/Filesystem/Filesystem.php(109): require('/Users/sanket/D...').  

   WARN  #28 vendor/laravel/framework/src/Illuminate/Filesystem/Filesystem.php(110): Illuminate\Filesystem\Filesystem::Illuminate\Filesystem\{closure}().  

   WARN  #29 vendor/laravel/framework/src/Illuminate/View/Engines/PhpEngine.php(58): Illuminate\Filesystem\Filesystem->getRequire('/Users/sanket/D...', Array).  

   WARN  #30 vendor/laravel/framework/src/Illuminate/View/Engines/CompilerEngine.php(70): Illuminate\View\Engines\PhpEngine->evaluatePath('/Users/sanket/D...', Array).  

   WARN  #31 vendor/laravel/framework/src/Illuminate/View/View.php(195): Illuminate\View\Engines\CompilerEngine->get('/Users/sanket/D...', Array).  

   WARN  #32 vendor/laravel/framework/src/Illuminate/View/View.php(178): Illuminate\View\View->getContents().  

   WARN  #33 vendor/laravel/framework/src/Illuminate/View/View.php(147): Illuminate\View\View->renderContents().  

   WARN  #34 vendor/laravel/framework/src/Illuminate/Http/Response.php(69): Illuminate\View\View->render().  

   WARN  #35 vendor/laravel/framework/src/Illuminate/Http/Response.php(35): Illuminate\Http\Response->setContent(Object(Illuminate\View\View)).  

   WARN  #36 vendor/laravel/framework/src/Illuminate/Routing/ResponseFactory.php(57): Illuminate\Http\Response->__construct(Object(Illuminate\View\View), 500, Array).  

   WARN  #37 vendor/laravel/framework/src/Illuminate/Routing/ResponseFactory.php(87): Illuminate\Routing\ResponseFactory->make(Object(Illuminate\View\View), 500, Array).  

   WARN  #38 vendor/laravel/framework/src/Illuminate/Foundation/Exceptions/Handler.php(626): Illuminate\Routing\ResponseFactory->view('errors::500', Array, 500, Array).  

   WARN  #39 vendor/laravel/framework/src/Illuminate/Foundation/Exceptions/Handler.php(554): Illuminate\Foundation\Exceptions\Handler->renderHttpException(Object(Symfony\Component\HttpKernel\Exception\HttpException)).  

   WARN  #40 vendor/laravel/framework/src/Illuminate/Foundation/Exceptions/Handler.php(460): Illuminate\Foundation\Exceptions\Handler->prepareResponse(Object(Illuminate\Http\Request), Object(Symfony\Component\HttpKernel\Exception\HttpException)).  

   WARN  #41 vendor/laravel/framework/src/Illuminate/Foundation/Exceptions/Handler.php(377): Illuminate\Foundation\Exceptions\Handler->renderExceptionResponse(Object(Illuminate\Http\Request), Object(Spatie\LaravelIgnition\Exceptions\ViewException)).  

   WARN  #42 app/Exceptions/Handler.php(53): Illuminate\Foundation\Exceptions\Handler->render(Object(Illuminate\Http\Request), Object(Spatie\LaravelIgnition\Exceptions\ViewException)).  

   WARN  #43 vendor/laravel/framework/src/Illuminate/Foundation/Bootstrap/HandleExceptions.php(233): App\Exceptions\Handler->render(Object(Illuminate\Http\Request), Object(Illuminate\View\ViewException)).  

   WARN  #44 vendor/laravel/framework/src/Illuminate/Foundation/Bootstrap/HandleExceptions.php(210): Illuminate\Foundation\Bootstrap\HandleExceptions->renderHttpResponse(Object(Illuminate\View\ViewException)).  

   WARN  #45 vendor/laravel/framework/src/Illuminate/Foundation/Bootstrap/HandleExceptions.php(270): Illuminate\Foundation\Bootstrap\HandleExceptions->handleException(Object(Illuminate\View\ViewException)).  

   WARN  #46 [internal function]: Illuminate\Foundation\Bootstrap\HandleExceptions->Illuminate\Foundation\Bootstrap\{closure}(Object(Illuminate\View\ViewException)).  

   WARN  #47 {main}.  

   WARN  Next Illuminate\Database\QueryException: SQLSTATE[42S22]: Column not found: 1054 Unknown column 'status' in 'where clause' (SQL: select * from `languages` where `status` = 1 and `languages`.`deleted_at` is null) in vendor/laravel/framework/src/Illuminate/Database/Connection.php:760.  

   WARN  Stack trace:  

   WARN  #0 vendor/laravel/framework/src/Illuminate/Database/Connection.php(720): Illuminate\Database\Connection->runQueryCallback('select * from `...', Array, Object(Closure)).  

   WARN  #1 vendor/laravel/framework/src/Illuminate/Database/Connection.php(405): Illuminate\Database\Connection->run('select * from `...', Array, Object(Closure)).  

   WARN  #2 vendor/laravel/framework/src/Illuminate/Database/Query/Builder.php(2705): Illuminate\Database\Connection->select('select * from `...', Array, true).  

   WARN  #3 vendor/laravel/framework/src/Illuminate/Database/Query/Builder.php(2694): Illuminate\Database\Query\Builder->runSelect().  

   WARN  #4 vendor/laravel/framework/src/Illuminate/Database/Query/Builder.php(3230): Illuminate\Database\Query\Builder->Illuminate\Database\Query\{closure}().  

   WARN  #5 vendor/laravel/framework/src/Illuminate/Database/Query/Builder.php(2693): Illuminate\Database\Query\Builder->onceWithColumns(Array, Object(Closure)).  

   WARN  #6 vendor/laravel/framework/src/Illuminate/Database/Eloquent/Builder.php(710): Illuminate\Database\Query\Builder->get(Array).  

   WARN  #7 vendor/laravel/framework/src/Illuminate/Database/Eloquent/Builder.php(694): Illuminate\Database\Eloquent\Builder->getModels(Array).  

   WARN  #8 storage/framework/views/23518080ae7ee854b82ae47f2d950cf26ee2c831.php(44): Illuminate\Database\Eloquent\Builder->get().  

   WARN  #9 vendor/laravel/framework/src/Illuminate/Filesystem/Filesystem.php(109): require('/Users/sanket/D...').  

   WARN  #10 vendor/laravel/framework/src/Illuminate/Filesystem/Filesystem.php(110): Illuminate\Filesystem\Filesystem::Illuminate\Filesystem\{closure}().  

   WARN  #11 vendor/laravel/framework/src/Illuminate/View/Engines/PhpEngine.php(58): Illuminate\Filesystem\Filesystem->getRequire('/Users/sanket/D...', Array).  

   WARN  #12 vendor/laravel/framework/src/Illuminate/View/Engines/CompilerEngine.php(70): Illuminate\View\Engines\PhpEngine->evaluatePath('/Users/sanket/D...', Array).  

   WARN  #13 vendor/laravel/framework/src/Illuminate/View/View.php(195): Illuminate\View\Engines\CompilerEngine->get('/Users/sanket/D...', Array).  

   WARN  #14 vendor/laravel/framework/src/Illuminate/View/View.php(178): Illuminate\View\View->getContents().  

   WARN  #15 vendor/laravel/framework/src/Illuminate/View/View.php(147): Illuminate\View\View->renderContents().  

   WARN  #16 storage/framework/views/81a5e466783f04f6291855a5dd02b6586bebf502.php(175): Illuminate\View\View->render().  

   WARN  #17 vendor/laravel/framework/src/Illuminate/Filesystem/Filesystem.php(109): require('/Users/sanket/D...').  

   WARN  #18 vendor/laravel/framework/src/Illuminate/Filesystem/Filesystem.php(110): Illuminate\Filesystem\Filesystem::Illuminate\Filesystem\{closure}().  

   WARN  #19 vendor/laravel/framework/src/Illuminate/View/Engines/PhpEngine.php(58): Illuminate\Filesystem\Filesystem->getRequire('/Users/sanket/D...', Array).  

   WARN  #20 vendor/laravel/framework/src/Illuminate/View/Engines/CompilerEngine.php(70): Illuminate\View\Engines\PhpEngine->evaluatePath('/Users/sanket/D...', Array).  

   WARN  #21 vendor/laravel/framework/src/Illuminate/View/View.php(195): Illuminate\View\Engines\CompilerEngine->get('/Users/sanket/D...', Array).  

   WARN  #22 vendor/laravel/framework/src/Illuminate/View/View.php(178): Illuminate\View\View->getContents().  

   WARN  #23 vendor/laravel/framework/src/Illuminate/View/View.php(147): Illuminate\View\View->renderContents().  

   WARN  #24 storage/framework/views/9ffbb18b5434c05b2ce2f4116a39e1ab73e54eb4.php(17): Illuminate\View\View->render().  

   WARN  #25 vendor/laravel/framework/src/Illuminate/Filesystem/Filesystem.php(109): require('/Users/sanket/D...').  

   WARN  #26 vendor/laravel/framework/src/Illuminate/Filesystem/Filesystem.php(110): Illuminate\Filesystem\Filesystem::Illuminate\Filesystem\{closure}().  

   WARN  #27 vendor/laravel/framework/src/Illuminate/View/Engines/PhpEngine.php(58): Illuminate\Filesystem\Filesystem->getRequire('/Users/sanket/D...', Array).  

   WARN  #28 vendor/laravel/framework/src/Illuminate/View/Engines/CompilerEngine.php(70): Illuminate\View\Engines\PhpEngine->evaluatePath('/Users/sanket/D...', Array).  

   WARN  #29 vendor/laravel/framework/src/Illuminate/View/View.php(195): Illuminate\View\Engines\CompilerEngine->get('/Users/sanket/D...', Array).  

   WARN  #30 vendor/laravel/framework/src/Illuminate/View/View.php(178): Illuminate\View\View->getContents().  

   WARN  #31 vendor/laravel/framework/src/Illuminate/View/View.php(147): Illuminate\View\View->renderContents().  

   WARN  #32 vendor/laravel/framework/src/Illuminate/Http/Response.php(69): Illuminate\View\View->render().  

   WARN  #33 vendor/laravel/framework/src/Illuminate/Http/Response.php(35): Illuminate\Http\Response->setContent(Object(Illuminate\View\View)).  

   WARN  #34 vendor/laravel/framework/src/Illuminate/Routing/ResponseFactory.php(57): Illuminate\Http\Response->__construct(Object(Illuminate\View\View), 500, Array).  

   WARN  #35 vendor/laravel/framework/src/Illuminate/Routing/ResponseFactory.php(87): Illuminate\Routing\ResponseFactory->make(Object(Illuminate\View\View), 500, Array).  

   WARN  #36 vendor/laravel/framework/src/Illuminate/Foundation/Exceptions/Handler.php(626): Illuminate\Routing\ResponseFactory->view('errors::500', Array, 500, Array).  

   WARN  #37 vendor/laravel/framework/src/Illuminate/Foundation/Exceptions/Handler.php(554): Illuminate\Foundation\Exceptions\Handler->renderHttpException(Object(Symfony\Component\HttpKernel\Exception\HttpException)).  

   WARN  #38 vendor/laravel/framework/src/Illuminate/Foundation/Exceptions/Handler.php(460): Illuminate\Foundation\Exceptions\Handler->prepareResponse(Object(Illuminate\Http\Request), Object(Symfony\Component\HttpKernel\Exception\HttpException)).  

   WARN  #39 vendor/laravel/framework/src/Illuminate/Foundation/Exceptions/Handler.php(377): Illuminate\Foundation\Exceptions\Handler->renderExceptionResponse(Object(Illuminate\Http\Request), Object(Spatie\LaravelIgnition\Exceptions\ViewException)).  

   WARN  #40 app/Exceptions/Handler.php(53): Illuminate\Foundation\Exceptions\Handler->render(Object(Illuminate\Http\Request), Object(Spatie\LaravelIgnition\Exceptions\ViewException)).  

   WARN  #41 vendor/laravel/framework/src/Illuminate/Foundation/Bootstrap/HandleExceptions.php(233): App\Exceptions\Handler->render(Object(Illuminate\Http\Request), Object(Illuminate\View\ViewException)).  

   WARN  #42 vendor/laravel/framework/src/Illuminate/Foundation/Bootstrap/HandleExceptions.php(210): Illuminate\Foundation\Bootstrap\HandleExceptions->renderHttpResponse(Object(Illuminate\View\ViewException)).  

   WARN  #43 vendor/laravel/framework/src/Illuminate/Foundation/Bootstrap/HandleExceptions.php(270): Illuminate\Foundation\Bootstrap\HandleExceptions->handleException(Object(Illuminate\View\ViewException)).  

   WARN  #44 [internal function]: Illuminate\Foundation\Bootstrap\HandleExceptions->Illuminate\Foundation\Bootstrap\{closure}(Object(Illuminate\View\ViewException)).  

   WARN  #45 {main}.  

   WARN  Next Illuminate\View\ViewException: SQLSTATE[42S22]: Column not found: 1054 Unknown column 'status' in 'where clause' (SQL: select * from `languages` where `status` = 1 and `languages`.`deleted_at` is null) (View: resources/views/frontend/inc/header.blade.php) in vendor/laravel/framework/src/Illuminate/Database/Connection.php:760.  

   WARN  Stack trace:  

   WARN  #0 vendor/laravel/framework/src/Illuminate/View/Engines/PhpEngine.php(60): Illuminate\View\Engines\CompilerEngine->handleViewException(Object(Illuminate\Database\QueryException), 3).  

   WARN  #1 vendor/laravel/framework/src/Illuminate/View/Engines/CompilerEngine.php(70): Illuminate\View\Engines\PhpEngine->evaluatePath('/Users/sanket/D...', Array).  

   WARN  #2 vendor/laravel/framework/src/Illuminate/View/View.php(195): Illuminate\View\Engines\CompilerEngine->get('/Users/sanket/D...', Array).  

   WARN  #3 vendor/laravel/framework/src/Illuminate/View/View.php(178): Illuminate\View\View->getContents().  

   WARN  #4 vendor/laravel/framework/src/Illuminate/View/View.php(147): Illuminate\View\View->renderContents().  

   WARN  #5 storage/framework/views/81a5e466783f04f6291855a5dd02b6586bebf502.php(175): Illuminate\View\View->render().  

   WARN  #6 vendor/laravel/framework/src/Illuminate/Filesystem/Filesystem.php(109): require('/Users/sanket/D...').  

   WARN  #7 vendor/laravel/framework/src/Illuminate/Filesystem/Filesystem.php(110): Illuminate\Filesystem\Filesystem::Illuminate\Filesystem\{closure}().  

   WARN  #8 vendor/laravel/framework/src/Illuminate/View/Engines/PhpEngine.php(58): Illuminate\Filesystem\Filesystem->getRequire('/Users/sanket/D...', Array).  

   WARN  #9 vendor/laravel/framework/src/Illuminate/View/Engines/CompilerEngine.php(70): Illuminate\View\Engines\PhpEngine->evaluatePath('/Users/sanket/D...', Array).  

   WARN  #10 vendor/laravel/framework/src/Illuminate/View/View.php(195): Illuminate\View\Engines\CompilerEngine->get('/Users/sanket/D...', Array).  

   WARN  #11 vendor/laravel/framework/src/Illuminate/View/View.php(178): Illuminate\View\View->getContents().  

   WARN  #12 vendor/laravel/framework/src/Illuminate/View/View.php(147): Illuminate\View\View->renderContents().  

   WARN  #13 storage/framework/views/9ffbb18b5434c05b2ce2f4116a39e1ab73e54eb4.php(17): Illuminate\View\View->render().  

   WARN  #14 vendor/laravel/framework/src/Illuminate/Filesystem/Filesystem.php(109): require('/Users/sanket/D...').  

   WARN  #15 vendor/laravel/framework/src/Illuminate/Filesystem/Filesystem.php(110): Illuminate\Filesystem\Filesystem::Illuminate\Filesystem\{closure}().  

   WARN  #16 vendor/laravel/framework/src/Illuminate/View/Engines/PhpEngine.php(58): Illuminate\Filesystem\Filesystem->getRequire('/Users/sanket/D...', Array).  

   WARN  #17 vendor/laravel/framework/src/Illuminate/View/Engines/CompilerEngine.php(70): Illuminate\View\Engines\PhpEngine->evaluatePath('/Users/sanket/D...', Array).  

   WARN  #18 vendor/laravel/framework/src/Illuminate/View/View.php(195): Illuminate\View\Engines\CompilerEngine->get('/Users/sanket/D...', Array).  

   WARN  #19 vendor/laravel/framework/src/Illuminate/View/View.php(178): Illuminate\View\View->getContents().  

   WARN  #20 vendor/laravel/framework/src/Illuminate/View/View.php(147): Illuminate\View\View->renderContents().  

   WARN  #21 vendor/laravel/framework/src/Illuminate/Http/Response.php(69): Illuminate\View\View->render().  

   WARN  #22 vendor/laravel/framework/src/Illuminate/Http/Response.php(35): Illuminate\Http\Response->setContent(Object(Illuminate\View\View)).  

   WARN  #23 vendor/laravel/framework/src/Illuminate/Routing/ResponseFactory.php(57): Illuminate\Http\Response->__construct(Object(Illuminate\View\View), 500, Array).  

   WARN  #24 vendor/laravel/framework/src/Illuminate/Routing/ResponseFactory.php(87): Illuminate\Routing\ResponseFactory->make(Object(Illuminate\View\View), 500, Array).  

   WARN  #25 vendor/laravel/framework/src/Illuminate/Foundation/Exceptions/Handler.php(626): Illuminate\Routing\ResponseFactory->view('errors::500', Array, 500, Array).  

   WARN  #26 vendor/laravel/framework/src/Illuminate/Foundation/Exceptions/Handler.php(554): Illuminate\Foundation\Exceptions\Handler->renderHttpException(Object(Symfony\Component\HttpKernel\Exception\HttpException)).  

   WARN  #27 vendor/laravel/framework/src/Illuminate/Foundation/Exceptions/Handler.php(460): Illuminate\Foundation\Exceptions\Handler->prepareResponse(Object(Illuminate\Http\Request), Object(Symfony\Component\HttpKernel\Exception\HttpException)).  

   WARN  #28 vendor/laravel/framework/src/Illuminate/Foundation/Exceptions/Handler.php(377): Illuminate\Foundation\Exceptions\Handler->renderExceptionResponse(Object(Illuminate\Http\Request), Object(Spatie\LaravelIgnition\Exceptions\ViewException)).  

   WARN  #29 app/Exceptions/Handler.php(53): Illuminate\Foundation\Exceptions\Handler->render(Object(Illuminate\Http\Request), Object(Spatie\LaravelIgnition\Exceptions\ViewException)).  

   WARN  #30 vendor/laravel/framework/src/Illuminate/Foundation/Bootstrap/HandleExceptions.php(233): App\Exceptions\Handler->render(Object(Illuminate\Http\Request), Object(Illuminate\View\ViewException)).  

   WARN  #31 vendor/laravel/framework/src/Illuminate/Foundation/Bootstrap/HandleExceptions.php(210): Illuminate\Foundation\Bootstrap\HandleExceptions->renderHttpResponse(Object(Illuminate\View\ViewException)).  

   WARN  #32 vendor/laravel/framework/src/Illuminate/Foundation/Bootstrap/HandleExceptions.php(270): Illuminate\Foundation\Bootstrap\HandleExceptions->handleException(Object(Illuminate\View\ViewException)).  

   WARN  #33 [internal function]: Illuminate\Foundation\Bootstrap\HandleExceptions->Illuminate\Foundation\Bootstrap\{closure}(Object(Illuminate\View\ViewException)).  

   WARN  #34 {main}.  

   WARN  Next Illuminate\View\ViewException: SQLSTATE[42S22]: Column not found: 1054 Unknown column 'status' in 'where clause' (SQL: select * from `languages` where `status` = 1 and `languages`.`deleted_at` is null) (View: resources/views/frontend/inc/header.blade.php) (View: resources/views/frontend/inc/header.blade.php) in vendor/laravel/framework/src/Illuminate/Database/Connection.php:760.  

   WARN  Stack trace:  

   WARN  #0 vendor/laravel/framework/src/Illuminate/View/Engines/PhpEngine.php(60): Illuminate\View\Engines\CompilerEngine->handleViewException(Object(Illuminate\View\ViewException), 2).  

   WARN  #1 vendor/laravel/framework/src/Illuminate/View/Engines/CompilerEngine.php(70): Illuminate\View\Engines\PhpEngine->evaluatePath('/Users/sanket/D...', Array).  

   WARN  #2 vendor/laravel/framework/src/Illuminate/View/View.php(195): Illuminate\View\Engines\CompilerEngine->get('/Users/sanket/D...', Array).  

   WARN  #3 vendor/laravel/framework/src/Illuminate/View/View.php(178): Illuminate\View\View->getContents().  

   WARN  #4 vendor/laravel/framework/src/Illuminate/View/View.php(147): Illuminate\View\View->renderContents().  

   WARN  #5 storage/framework/views/9ffbb18b5434c05b2ce2f4116a39e1ab73e54eb4.php(17): Illuminate\View\View->render().  

   WARN  #6 vendor/laravel/framework/src/Illuminate/Filesystem/Filesystem.php(109): require('/Users/sanket/D...').  

   WARN  #7 vendor/laravel/framework/src/Illuminate/Filesystem/Filesystem.php(110): Illuminate\Filesystem\Filesystem::Illuminate\Filesystem\{closure}().  

   WARN  #8 vendor/laravel/framework/src/Illuminate/View/Engines/PhpEngine.php(58): Illuminate\Filesystem\Filesystem->getRequire('/Users/sanket/D...', Array).  

   WARN  #9 vendor/laravel/framework/src/Illuminate/View/Engines/CompilerEngine.php(70): Illuminate\View\Engines\PhpEngine->evaluatePath('/Users/sanket/D...', Array).  

   WARN  #10 vendor/laravel/framework/src/Illuminate/View/View.php(195): Illuminate\View\Engines\CompilerEngine->get('/Users/sanket/D...', Array).  

   WARN  #11 vendor/laravel/framework/src/Illuminate/View/View.php(178): Illuminate\View\View->getContents().  

   WARN  #12 vendor/laravel/framework/src/Illuminate/View/View.php(147): Illuminate\View\View->renderContents().  

   WARN  #13 vendor/laravel/framework/src/Illuminate/Http/Response.php(69): Illuminate\View\View->render().  

   WARN  #14 vendor/laravel/framework/src/Illuminate/Http/Response.php(35): Illuminate\Http\Response->setContent(Object(Illuminate\View\View)).  

   WARN  #15 vendor/laravel/framework/src/Illuminate/Routing/ResponseFactory.php(57): Illuminate\Http\Response->__construct(Object(Illuminate\View\View), 500, Array).  

   WARN  #16 vendor/laravel/framework/src/Illuminate/Routing/ResponseFactory.php(87): Illuminate\Routing\ResponseFactory->make(Object(Illuminate\View\View), 500, Array).  

   WARN  #17 vendor/laravel/framework/src/Illuminate/Foundation/Exceptions/Handler.php(626): Illuminate\Routing\ResponseFactory->view('errors::500', Array, 500, Array).  

   WARN  #18 vendor/laravel/framework/src/Illuminate/Foundation/Exceptions/Handler.php(554): Illuminate\Foundation\Exceptions\Handler->renderHttpException(Object(Symfony\Component\HttpKernel\Exception\HttpException)).  

   WARN  #19 vendor/laravel/framework/src/Illuminate/Foundation/Exceptions/Handler.php(460): Illuminate\Foundation\Exceptions\Handler->prepareResponse(Object(Illuminate\Http\Request), Object(Symfony\Component\HttpKernel\Exception\HttpException)).  

   WARN  #20 vendor/laravel/framework/src/Illuminate/Foundation/Exceptions/Handler.php(377): Illuminate\Foundation\Exceptions\Handler->renderExceptionResponse(Object(Illuminate\Http\Request), Object(Spatie\LaravelIgnition\Exceptions\ViewException)).  

   WARN  #21 app/Exceptions/Handler.php(53): Illuminate\Foundation\Exceptions\Handler->render(Object(Illuminate\Http\Request), Object(Spatie\LaravelIgnition\Exceptions\ViewException)).  

   WARN  #22 vendor/laravel/framework/src/Illuminate/Foundation/Bootstrap/HandleExceptions.php(233): App\Exceptions\Handler->render(Object(Illuminate\Http\Request), Object(Illuminate\View\ViewException)).  

   WARN  #23 vendor/laravel/framework/src/Illuminate/Foundation/Bootstrap/HandleExceptions.php(210): Illuminate\Foundation\Bootstrap\HandleExceptions->renderHttpResponse(Object(Illuminate\View\ViewException)).  

   WARN  #24 vendor/laravel/framework/src/Illuminate/Foundation/Bootstrap/HandleExceptions.php(270): Illuminate\Foundation\Bootstrap\HandleExceptions->handleException(Object(Illuminate\View\ViewException)).  

   WARN  #25 [internal function]: Illuminate\Foundation\Bootstrap\HandleExceptions->Illuminate\Foundation\Bootstrap\{closure}(Object(Illuminate\View\ViewException)).  

   WARN  #26 {main}.  

   WARN  Next Illuminate\View\ViewException: SQLSTATE[42S22]: Column not found: 1054 Unknown column 'status' in 'where clause' (SQL: select * from `languages` where `status` = 1 and `languages`.`deleted_at` is null) (View: resources/views/frontend/inc/header.blade.php) (View: resources/views/frontend/inc/header.blade.php) (View: resources/views/frontend/inc/header.blade.php) in vendor/laravel/framework/src/Illuminate/Database/Connection.php:760.  

   WARN  Stack trace:  

   WARN  #0 vendor/laravel/framework/src/Illuminate/View/Engines/PhpEngine.php(60): Illuminate\View\Engines\CompilerEngine->handleViewException(Object(Illuminate\View\ViewException), 1).  

   WARN  #1 vendor/laravel/framework/src/Illuminate/View/Engines/CompilerEngine.php(70): Illuminate\View\Engines\PhpEngine->evaluatePath('/Users/sanket/D...', Array).  

   WARN  #2 vendor/laravel/framework/src/Illuminate/View/View.php(195): Illuminate\View\Engines\CompilerEngine->get('/Users/sanket/D...', Array).  

   WARN  #3 vendor/laravel/framework/src/Illuminate/View/View.php(178): Illuminate\View\View->getContents().  

   WARN  #4 vendor/laravel/framework/src/Illuminate/View/View.php(147): Illuminate\View\View->renderContents().  

   WARN  #5 vendor/laravel/framework/src/Illuminate/Http/Response.php(69): Illuminate\View\View->render().  

   WARN  #6 vendor/laravel/framework/src/Illuminate/Http/Response.php(35): Illuminate\Http\Response->setContent(Object(Illuminate\View\View)).  

   WARN  #7 vendor/laravel/framework/src/Illuminate/Routing/ResponseFactory.php(57): Illuminate\Http\Response->__construct(Object(Illuminate\View\View), 500, Array).  

   WARN  #8 vendor/laravel/framework/src/Illuminate/Routing/ResponseFactory.php(87): Illuminate\Routing\ResponseFactory->make(Object(Illuminate\View\View), 500, Array).  

   WARN  #9 vendor/laravel/framework/src/Illuminate/Foundation/Exceptions/Handler.php(626): Illuminate\Routing\ResponseFactory->view('errors::500', Array, 500, Array).  

   WARN  #10 vendor/laravel/framework/src/Illuminate/Foundation/Exceptions/Handler.php(554): Illuminate\Foundation\Exceptions\Handler->renderHttpException(Object(Symfony\Component\HttpKernel\Exception\HttpException)).  

   WARN  #11 vendor/laravel/framework/src/Illuminate/Foundation/Exceptions/Handler.php(460): Illuminate\Foundation\Exceptions\Handler->prepareResponse(Object(Illuminate\Http\Request), Object(Symfony\Component\HttpKernel\Exception\HttpException)).  

   WARN  #12 vendor/laravel/framework/src/Illuminate/Foundation/Exceptions/Handler.php(377): Illuminate\Foundation\Exceptions\Handler->renderExceptionResponse(Object(Illuminate\Http\Request), Object(Spatie\LaravelIgnition\Exceptions\ViewException)).  

   WARN  #13 app/Exceptions/Handler.php(53): Illuminate\Foundation\Exceptions\Handler->render(Object(Illuminate\Http\Request), Object(Spatie\LaravelIgnition\Exceptions\ViewException)).  

   WARN  #14 vendor/laravel/framework/src/Illuminate/Foundation/Bootstrap/HandleExceptions.php(233): App\Exceptions\Handler->render(Object(Illuminate\Http\Request), Object(Illuminate\View\ViewException)).  

   WARN  #15 vendor/laravel/framework/src/Illuminate/Foundation/Bootstrap/HandleExceptions.php(210): Illuminate\Foundation\Bootstrap\HandleExceptions->renderHttpResponse(Object(Illuminate\View\ViewException)).  

   WARN  #16 vendor/laravel/framework/src/Illuminate/Foundation/Bootstrap/HandleExceptions.php(270): Illuminate\Foundation\Bootstrap\HandleExceptions->handleException(Object(Illuminate\View\ViewException)).  

   WARN  #17 [internal function]: Illuminate\Foundation\Bootstrap\HandleExceptions->Illuminate\Foundation\Bootstrap\{closure}(Object(Illuminate\View\ViewException)).  

   WARN  #18 {main}.  

   WARN  thrown in vendor/laravel/framework/src/Illuminate/Database/Connection.php on line 760.  

   WARN  PHP Fatal error: Uncaught PDOException: SQLSTATE[42S22]: Column not found: 1054 Unknown column 'status' in 'where clause' in vendor/laravel/framework/src/Illuminate/Database/Connection.php:414.  

   WARN  Stack trace:  

   WARN  #0 vendor/laravel/framework/src/Illuminate/Database/Connection.php(414): PDO->prepare('select * from `...').  

   WARN  #1 vendor/laravel/framework/src/Illuminate/Database/Connection.php(753): Illuminate\Database\Connection->Illuminate\Database\{closure}('select * from `...', Array).  

   WARN  #2 vendor/laravel/framework/src/Illuminate/Database/Connection.php(720): Illuminate\Database\Connection->runQueryCallback('select * from `...', Array, Object(Closure)).  

   WARN  #3 vendor/laravel/framework/src/Illuminate/Database/Connection.php(405): Illuminate\Database\Connection->run('select * from `...', Array, Object(Closure)).  

   WARN  #4 vendor/laravel/framework/src/Illuminate/Database/Query/Builder.php(2705): Illuminate\Database\Connection->select('select * from `...', Array, true).  

   WARN  #5 vendor/laravel/framework/src/Illuminate/Database/Query/Builder.php(2694): Illuminate\Database\Query\Builder->runSelect().  

   WARN  #6 vendor/laravel/framework/src/Illuminate/Database/Query/Builder.php(3230): Illuminate\Database\Query\Builder->Illuminate\Database\Query\{closure}().  

   WARN  #7 vendor/laravel/framework/src/Illuminate/Database/Query/Builder.php(2693): Illuminate\Database\Query\Builder->onceWithColumns(Array, Object(Closure)).  

   WARN  #8 vendor/laravel/framework/src/Illuminate/Database/Eloquent/Builder.php(710): Illuminate\Database\Query\Builder->get(Array).  

   WARN  #9 vendor/laravel/framework/src/Illuminate/Database/Eloquent/Builder.php(694): Illuminate\Database\Eloquent\Builder->getModels(Array).  

   WARN  #10 storage/framework/views/23518080ae7ee854b82ae47f2d950cf26ee2c831.php(44): Illuminate\Database\Eloquent\Builder->get().  

   WARN  #11 vendor/laravel/framework/src/Illuminate/Filesystem/Filesystem.php(109): require('/Users/sanket/D...').  

   WARN  #12 vendor/laravel/framework/src/Illuminate/Filesystem/Filesystem.php(110): Illuminate\Filesystem\Filesystem::Illuminate\Filesystem\{closure}().  

   WARN  #13 vendor/laravel/framework/src/Illuminate/View/Engines/PhpEngine.php(58): Illuminate\Filesystem\Filesystem->getRequire('/Users/sanket/D...', Array).  

   WARN  #14 vendor/laravel/framework/src/Illuminate/View/Engines/CompilerEngine.php(70): Illuminate\View\Engines\PhpEngine->evaluatePath('/Users/sanket/D...', Array).  

   WARN  #15 vendor/laravel/framework/src/Illuminate/View/View.php(195): Illuminate\View\Engines\CompilerEngine->get('/Users/sanket/D...', Array).  

   WARN  #16 vendor/laravel/framework/src/Illuminate/View/View.php(178): Illuminate\View\View->getContents().  

   WARN  #17 vendor/laravel/framework/src/Illuminate/View/View.php(147): Illuminate\View\View->renderContents().  

   WARN  #18 storage/framework/views/81a5e466783f04f6291855a5dd02b6586bebf502.php(175): Illuminate\View\View->render().  

   WARN  #19 vendor/laravel/framework/src/Illuminate/Filesystem/Filesystem.php(109): require('/Users/sanket/D...').  

   WARN  #20 vendor/laravel/framework/src/Illuminate/Filesystem/Filesystem.php(110): Illuminate\Filesystem\Filesystem::Illuminate\Filesystem\{closure}().  

   WARN  #21 vendor/laravel/framework/src/Illuminate/View/Engines/PhpEngine.php(58): Illuminate\Filesystem\Filesystem->getRequire('/Users/sanket/D...', Array).  

   WARN  #22 vendor/laravel/framework/src/Illuminate/View/Engines/CompilerEngine.php(70): Illuminate\View\Engines\PhpEngine->evaluatePath('/Users/sanket/D...', Array).  

   WARN  #23 vendor/laravel/framework/src/Illuminate/View/View.php(195): Illuminate\View\Engines\CompilerEngine->get('/Users/sanket/D...', Array).  

   WARN  #24 vendor/laravel/framework/src/Illuminate/View/View.php(178): Illuminate\View\View->getContents().  

   WARN  #25 vendor/laravel/framework/src/Illuminate/View/View.php(147): Illuminate\View\View->renderContents().  

   WARN  #26 storage/framework/views/9ffbb18b5434c05b2ce2f4116a39e1ab73e54eb4.php(17): Illuminate\View\View->render().  

   WARN  #27 vendor/laravel/framework/src/Illuminate/Filesystem/Filesystem.php(109): require('/Users/sanket/D...').  

   WARN  #28 vendor/laravel/framework/src/Illuminate/Filesystem/Filesystem.php(110): Illuminate\Filesystem\Filesystem::Illuminate\Filesystem\{closure}().  

   WARN  #29 vendor/laravel/framework/src/Illuminate/View/Engines/PhpEngine.php(58): Illuminate\Filesystem\Filesystem->getRequire('/Users/sanket/D...', Array).  

   WARN  #30 vendor/laravel/framework/src/Illuminate/View/Engines/CompilerEngine.php(70): Illuminate\View\Engines\PhpEngine->evaluatePath('/Users/sanket/D...', Array).  

   WARN  #31 vendor/laravel/framework/src/Illuminate/View/View.php(195): Illuminate\View\Engines\CompilerEngine->get('/Users/sanket/D...', Array).  

   WARN  #32 vendor/laravel/framework/src/Illuminate/View/View.php(178): Illuminate\View\View->getContents().  

   WARN  #33 vendor/laravel/framework/src/Illuminate/View/View.php(147): Illuminate\View\View->renderContents().  

   WARN  #34 vendor/laravel/framework/src/Illuminate/Http/Response.php(69): Illuminate\View\View->render().  

   WARN  #35 vendor/laravel/framework/src/Illuminate/Http/Response.php(35): Illuminate\Http\Response->setContent(Object(Illuminate\View\View)).  

   WARN  #36 vendor/laravel/framework/src/Illuminate/Routing/ResponseFactory.php(57): Illuminate\Http\Response->__construct(Object(Illuminate\View\View), 500, Array).  

   WARN  #37 vendor/laravel/framework/src/Illuminate/Routing/ResponseFactory.php(87): Illuminate\Routing\ResponseFactory->make(Object(Illuminate\View\View), 500, Array).  

   WARN  #38 vendor/laravel/framework/src/Illuminate/Foundation/Exceptions/Handler.php(626): Illuminate\Routing\ResponseFactory->view('errors::500', Array, 500, Array).  

   WARN  #39 vendor/laravel/framework/src/Illuminate/Foundation/Exceptions/Handler.php(554): Illuminate\Foundation\Exceptions\Handler->renderHttpException(Object(Symfony\Component\HttpKernel\Exception\HttpException)).  

   WARN  #40 vendor/laravel/framework/src/Illuminate/Foundation/Exceptions/Handler.php(460): Illuminate\Foundation\Exceptions\Handler->prepareResponse(Object(Illuminate\Http\Request), Object(Symfony\Component\HttpKernel\Exception\HttpException)).  

   WARN  #41 vendor/laravel/framework/src/Illuminate/Foundation/Exceptions/Handler.php(377): Illuminate\Foundation\Exceptions\Handler->renderExceptionResponse(Object(Illuminate\Http\Request), Object(Symfony\Component\ErrorHandler\Error\FatalError)).  

   WARN  #42 app/Exceptions/Handler.php(53): Illuminate\Foundation\Exceptions\Handler->render(Object(Illuminate\Http\Request), Object(Symfony\Component\ErrorHandler\Error\FatalError)).  

   WARN  #43 vendor/laravel/framework/src/Illuminate/Foundation/Bootstrap/HandleExceptions.php(233): App\Exceptions\Handler->render(Object(Illuminate\Http\Request), Object(Symfony\Component\ErrorHandler\Error\FatalError)).  

   WARN  #44 vendor/laravel/framework/src/Illuminate/Foundation/Bootstrap/HandleExceptions.php(210): Illuminate\Foundation\Bootstrap\HandleExceptions->renderHttpResponse(Object(Symfony\Component\ErrorHandler\Error\FatalError)).  

   WARN  #45 vendor/laravel/framework/src/Illuminate/Foundation/Bootstrap/HandleExceptions.php(246): Illuminate\Foundation\Bootstrap\HandleExceptions->handleException(Object(Symfony\Component\ErrorHandler\Error\FatalError)).  

   WARN  #46 vendor/laravel/framework/src/Illuminate/Foundation/Bootstrap/HandleExceptions.php(270): Illuminate\Foundation\Bootstrap\HandleExceptions->handleShutdown().  

   WARN  #47 [internal function]: Illuminate\Foundation\Bootstrap\HandleExceptions->Illuminate\Foundation\Bootstrap\{closure}().  

   WARN  #48 {main}.  

   WARN  Next Illuminate\Database\QueryException: SQLSTATE[42S22]: Column not found: 1054 Unknown column 'status' in 'where clause' (SQL: select * from `languages` where `status` = 1 and `languages`.`deleted_at` is null) in vendor/laravel/framework/src/Illuminate/Database/Connection.php:760.  

   WARN  Stack trace:  

   WARN  #0 vendor/laravel/framework/src/Illuminate/Database/Connection.php(720): Illuminate\Database\Connection->runQueryCallback('select * from `...', Array, Object(Closure)).  

   WARN  #1 vendor/laravel/framework/src/Illuminate/Database/Connection.php(405): Illuminate\Database\Connection->run('select * from `...', Array, Object(Closure)).  

   WARN  #2 vendor/laravel/framework/src/Illuminate/Database/Query/Builder.php(2705): Illuminate\Database\Connection->select('select * from `...', Array, true).  

   WARN  #3 vendor/laravel/framework/src/Illuminate/Database/Query/Builder.php(2694): Illuminate\Database\Query\Builder->runSelect().  

   WARN  #4 vendor/laravel/framework/src/Illuminate/Database/Query/Builder.php(3230): Illuminate\Database\Query\Builder->Illuminate\Database\Query\{closure}().  

   WARN  #5 vendor/laravel/framework/src/Illuminate/Database/Query/Builder.php(2693): Illuminate\Database\Query\Builder->onceWithColumns(Array, Object(Closure)).  

   WARN  #6 vendor/laravel/framework/src/Illuminate/Database/Eloquent/Builder.php(710): Illuminate\Database\Query\Builder->get(Array).  

   WARN  #7 vendor/laravel/framework/src/Illuminate/Database/Eloquent/Builder.php(694): Illuminate\Database\Eloquent\Builder->getModels(Array).  

   WARN  #8 storage/framework/views/23518080ae7ee854b82ae47f2d950cf26ee2c831.php(44): Illuminate\Database\Eloquent\Builder->get().  

   WARN  #9 vendor/laravel/framework/src/Illuminate/Filesystem/Filesystem.php(109): require('/Users/sanket/D...').  

   WARN  #10 vendor/laravel/framework/src/Illuminate/Filesystem/Filesystem.php(110): Illuminate\Filesystem\Filesystem::Illuminate\Filesystem\{closure}().  

   WARN  #11 vendor/laravel/framework/src/Illuminate/View/Engines/PhpEngine.php(58): Illuminate\Filesystem\Filesystem->getRequire('/Users/sanket/D...', Array).  

   WARN  #12 vendor/laravel/framework/src/Illuminate/View/Engines/CompilerEngine.php(70): Illuminate\View\Engines\PhpEngine->evaluatePath('/Users/sanket/D...', Array).  

   WARN  #13 vendor/laravel/framework/src/Illuminate/View/View.php(195): Illuminate\View\Engines\CompilerEngine->get('/Users/sanket/D...', Array).  

   WARN  #14 vendor/laravel/framework/src/Illuminate/View/View.php(178): Illuminate\View\View->getContents().  

   WARN  #15 vendor/laravel/framework/src/Illuminate/View/View.php(147): Illuminate\View\View->renderContents().  

   WARN  #16 storage/framework/views/81a5e466783f04f6291855a5dd02b6586bebf502.php(175): Illuminate\View\View->render().  

   WARN  #17 vendor/laravel/framework/src/Illuminate/Filesystem/Filesystem.php(109): require('/Users/sanket/D...').  

   WARN  #18 vendor/laravel/framework/src/Illuminate/Filesystem/Filesystem.php(110): Illuminate\Filesystem\Filesystem::Illuminate\Filesystem\{closure}().  

   WARN  #19 vendor/laravel/framework/src/Illuminate/View/Engines/PhpEngine.php(58): Illuminate\Filesystem\Filesystem->getRequire('/Users/sanket/D...', Array).  

   WARN  #20 vendor/laravel/framework/src/Illuminate/View/Engines/CompilerEngine.php(70): Illuminate\View\Engines\PhpEngine->evaluatePath('/Users/sanket/D...', Array).  

   WARN  #21 vendor/laravel/framework/src/Illuminate/View/View.php(195): Illuminate\View\Engines\CompilerEngine->get('/Users/sanket/D...', Array).  

   WARN  #22 vendor/laravel/framework/src/Illuminate/View/View.php(178): Illuminate\View\View->getContents().  

   WARN  #23 vendor/laravel/framework/src/Illuminate/View/View.php(147): Illuminate\View\View->renderContents().  

   WARN  #24 storage/framework/views/9ffbb18b5434c05b2ce2f4116a39e1ab73e54eb4.php(17): Illuminate\View\View->render().  

   WARN  #25 vendor/laravel/framework/src/Illuminate/Filesystem/Filesystem.php(109): require('/Users/sanket/D...').  

   WARN  #26 vendor/laravel/framework/src/Illuminate/Filesystem/Filesystem.php(110): Illuminate\Filesystem\Filesystem::Illuminate\Filesystem\{closure}().  

   WARN  #27 vendor/laravel/framework/src/Illuminate/View/Engines/PhpEngine.php(58): Illuminate\Filesystem\Filesystem->getRequire('/Users/sanket/D...', Array).  

   WARN  #28 vendor/laravel/framework/src/Illuminate/View/Engines/CompilerEngine.php(70): Illuminate\View\Engines\PhpEngine->evaluatePath('/Users/sanket/D...', Array).  

   WARN  #29 vendor/laravel/framework/src/Illuminate/View/View.php(195): Illuminate\View\Engines\CompilerEngine->get('/Users/sanket/D...', Array).  

   WARN  #30 vendor/laravel/framework/src/Illuminate/View/View.php(178): Illuminate\View\View->getContents().  

   WARN  #31 vendor/laravel/framework/src/Illuminate/View/View.php(147): Illuminate\View\View->renderContents().  

   WARN  #32 vendor/laravel/framework/src/Illuminate/Http/Response.php(69): Illuminate\View\View->render().  

   WARN  #33 vendor/laravel/framework/src/Illuminate/Http/Response.php(35): Illuminate\Http\Response->setContent(Object(Illuminate\View\View)).  

   WARN  #34 vendor/laravel/framework/src/Illuminate/Routing/ResponseFactory.php(57): Illuminate\Http\Response->__construct(Object(Illuminate\View\View), 500, Array).  

   WARN  #35 vendor/laravel/framework/src/Illuminate/Routing/ResponseFactory.php(87): Illuminate\Routing\ResponseFactory->make(Object(Illuminate\View\View), 500, Array).  

   WARN  #36 vendor/laravel/framework/src/Illuminate/Foundation/Exceptions/Handler.php(626): Illuminate\Routing\ResponseFactory->view('errors::500', Array, 500, Array).  

   WARN  #37 vendor/laravel/framework/src/Illuminate/Foundation/Exceptions/Handler.php(554): Illuminate\Foundation\Exceptions\Handler->renderHttpException(Object(Symfony\Component\HttpKernel\Exception\HttpException)).  

   WARN  #38 vendor/laravel/framework/src/Illuminate/Foundation/Exceptions/Handler.php(460): Illuminate\Foundation\Exceptions\Handler->prepareResponse(Object(Illuminate\Http\Request), Object(Symfony\Component\HttpKernel\Exception\HttpException)).  

   WARN  #39 vendor/laravel/framework/src/Illuminate/Foundation/Exceptions/Handler.php(377): Illuminate\Foundation\Exceptions\Handler->renderExceptionResponse(Object(Illuminate\Http\Request), Object(Symfony\Component\ErrorHandler\Error\FatalError)).  

   WARN  #40 app/Exceptions/Handler.php(53): Illuminate\Foundation\Exceptions\Handler->render(Object(Illuminate\Http\Request), Object(Symfony\Component\ErrorHandler\Error\FatalError)).  

   WARN  #41 vendor/laravel/framework/src/Illuminate/Foundation/Bootstrap/HandleExceptions.php(233): App\Exceptions\Handler->render(Object(Illuminate\Http\Request), Object(Symfony\Component\ErrorHandler\Error\FatalError)).  

   WARN  #42 vendor/laravel/framework/src/Illuminate/Foundation/Bootstrap/HandleExceptions.php(210): Illuminate\Foundation\Bootstrap\HandleExceptions->renderHttpResponse(Object(Symfony\Component\ErrorHandler\Error\FatalError)).  

   WARN  #43 vendor/laravel/framework/src/Illuminate/Foundation/Bootstrap/HandleExceptions.php(246): Illuminate\Foundation\Bootstrap\HandleExceptions->handleException(Object(Symfony\Component\ErrorHandler\Error\FatalError)).  

   WARN  #44 vendor/laravel/framework/src/Illuminate/Foundation/Bootstrap/HandleExceptions.php(270): Illuminate\Foundation\Bootstrap\HandleExceptions->handleShutdown().  

   WARN  #45 [internal function]: Illuminate\Foundation\Bootstrap\HandleExceptions->Illuminate\Foundation\Bootstrap\{closure}().  

   WARN  #46 {main}.  

   WARN  Next Illuminate\View\ViewException: SQLSTATE[42S22]: Column not found: 1054 Unknown column 'status' in 'where clause' (SQL: select * from `languages` where `status` = 1 and `languages`.`deleted_at` is null) (View: resources/views/frontend/inc/header.blade.php) in vendor/laravel/framework/src/Illuminate/Database/Connection.php:760.  

   WARN  Stack trace:  

   WARN  #0 vendor/laravel/framework/src/Illuminate/View/Engines/PhpEngine.php(60): Illuminate\View\Engines\CompilerEngine->handleViewException(Object(Illuminate\Database\QueryException), 3).  

   WARN  #1 vendor/laravel/framework/src/Illuminate/View/Engines/CompilerEngine.php(70): Illuminate\View\Engines\PhpEngine->evaluatePath('/Users/sanket/D...', Array).  

   WARN  #2 vendor/laravel/framework/src/Illuminate/View/View.php(195): Illuminate\View\Engines\CompilerEngine->get('/Users/sanket/D...', Array).  

   WARN  #3 vendor/laravel/framework/src/Illuminate/View/View.php(178): Illuminate\View\View->getContents().  

   WARN  #4 vendor/laravel/framework/src/Illuminate/View/View.php(147): Illuminate\View\View->renderContents().  

   WARN  #5 storage/framework/views/81a5e466783f04f6291855a5dd02b6586bebf502.php(175): Illuminate\View\View->render().  

   WARN  #6 vendor/laravel/framework/src/Illuminate/Filesystem/Filesystem.php(109): require('/Users/sanket/D...').  

   WARN  #7 vendor/laravel/framework/src/Illuminate/Filesystem/Filesystem.php(110): Illuminate\Filesystem\Filesystem::Illuminate\Filesystem\{closure}().  

   WARN  #8 vendor/laravel/framework/src/Illuminate/View/Engines/PhpEngine.php(58): Illuminate\Filesystem\Filesystem->getRequire('/Users/sanket/D...', Array).  

   WARN  #9 vendor/laravel/framework/src/Illuminate/View/Engines/CompilerEngine.php(70): Illuminate\View\Engines\PhpEngine->evaluatePath('/Users/sanket/D...', Array).  

   WARN  #10 vendor/laravel/framework/src/Illuminate/View/View.php(195): Illuminate\View\Engines\CompilerEngine->get('/Users/sanket/D...', Array).  

   WARN  #11 vendor/laravel/framework/src/Illuminate/View/View.php(178): Illuminate\View\View->getContents().  

   WARN  #12 vendor/laravel/framework/src/Illuminate/View/View.php(147): Illuminate\View\View->renderContents().  

   WARN  #13 storage/framework/views/9ffbb18b5434c05b2ce2f4116a39e1ab73e54eb4.php(17): Illuminate\View\View->render().  

   WARN  #14 vendor/laravel/framework/src/Illuminate/Filesystem/Filesystem.php(109): require('/Users/sanket/D...').  

   WARN  #15 vendor/laravel/framework/src/Illuminate/Filesystem/Filesystem.php(110): Illuminate\Filesystem\Filesystem::Illuminate\Filesystem\{closure}().  

   WARN  #16 vendor/laravel/framework/src/Illuminate/View/Engines/PhpEngine.php(58): Illuminate\Filesystem\Filesystem->getRequire('/Users/sanket/D...', Array).  

   WARN  #17 vendor/laravel/framework/src/Illuminate/View/Engines/CompilerEngine.php(70): Illuminate\View\Engines\PhpEngine->evaluatePath('/Users/sanket/D...', Array).  

   WARN  #18 vendor/laravel/framework/src/Illuminate/View/View.php(195): Illuminate\View\Engines\CompilerEngine->get('/Users/sanket/D...', Array).  

   WARN  #19 vendor/laravel/framework/src/Illuminate/View/View.php(178): Illuminate\View\View->getContents().  

   WARN  #20 vendor/laravel/framework/src/Illuminate/View/View.php(147): Illuminate\View\View->renderContents().  

   WARN  #21 vendor/laravel/framework/src/Illuminate/Http/Response.php(69): Illuminate\View\View->render().  

   WARN  #22 vendor/laravel/framework/src/Illuminate/Http/Response.php(35): Illuminate\Http\Response->setContent(Object(Illuminate\View\View)).  

   WARN  #23 vendor/laravel/framework/src/Illuminate/Routing/ResponseFactory.php(57): Illuminate\Http\Response->__construct(Object(Illuminate\View\View), 500, Array).  

   WARN  #24 vendor/laravel/framework/src/Illuminate/Routing/ResponseFactory.php(87): Illuminate\Routing\ResponseFactory->make(Object(Illuminate\View\View), 500, Array).  

   WARN  #25 vendor/laravel/framework/src/Illuminate/Foundation/Exceptions/Handler.php(626): Illuminate\Routing\ResponseFactory->view('errors::500', Array, 500, Array).  

   WARN  #26 vendor/laravel/framework/src/Illuminate/Foundation/Exceptions/Handler.php(554): Illuminate\Foundation\Exceptions\Handler->renderHttpException(Object(Symfony\Component\HttpKernel\Exception\HttpException)).  

   WARN  #27 vendor/laravel/framework/src/Illuminate/Foundation/Exceptions/Handler.php(460): Illuminate\Foundation\Exceptions\Handler->prepareResponse(Object(Illuminate\Http\Request), Object(Symfony\Component\HttpKernel\Exception\HttpException)).  

   WARN  #28 vendor/laravel/framework/src/Illuminate/Foundation/Exceptions/Handler.php(377): Illuminate\Foundation\Exceptions\Handler->renderExceptionResponse(Object(Illuminate\Http\Request), Object(Symfony\Component\ErrorHandler\Error\FatalError)).  

   WARN  #29 app/Exceptions/Handler.php(53): Illuminate\Foundation\Exceptions\Handler->render(Object(Illuminate\Http\Request), Object(Symfony\Component\ErrorHandler\Error\FatalError)).  

   WARN  #30 vendor/laravel/framework/src/Illuminate/Foundation/Bootstrap/HandleExceptions.php(233): App\Exceptions\Handler->render(Object(Illuminate\Http\Request), Object(Symfony\Component\ErrorHandler\Error\FatalError)).  

   WARN  #31 vendor/laravel/framework/src/Illuminate/Foundation/Bootstrap/HandleExceptions.php(210): Illuminate\Foundation\Bootstrap\HandleExceptions->renderHttpResponse(Object(Symfony\Component\ErrorHandler\Error\FatalError)).  

   WARN  #32 vendor/laravel/framework/src/Illuminate/Foundation/Bootstrap/HandleExceptions.php(246): Illuminate\Foundation\Bootstrap\HandleExceptions->handleException(Object(Symfony\Component\ErrorHandler\Error\FatalError)).  

   WARN  #33 vendor/laravel/framework/src/Illuminate/Foundation/Bootstrap/HandleExceptions.php(270): Illuminate\Foundation\Bootstrap\HandleExceptions->handleShutdown().  

   WARN  #34 [internal function]: Illuminate\Foundation\Bootstrap\HandleExceptions->Illuminate\Foundation\Bootstrap\{closure}().  

   WARN  #35 {main}.  

   WARN  Next Illuminate\View\ViewException: SQLSTATE[42S22]: Column not found: 1054 Unknown column 'status' in 'where clause' (SQL: select * from `languages` where `status` = 1 and `languages`.`deleted_at` is null) (View: resources/views/frontend/inc/header.blade.php) (View: resources/views/frontend/inc/header.blade.php) in vendor/laravel/framework/src/Illuminate/Database/Connection.php:760.  

   WARN  Stack trace:  

   WARN  #0 vendor/laravel/framework/src/Illuminate/View/Engines/PhpEngine.php(60): Illuminate\View\Engines\CompilerEngine->handleViewException(Object(Illuminate\View\ViewException), 2).  

   WARN  #1 vendor/laravel/framework/src/Illuminate/View/Engines/CompilerEngine.php(70): Illuminate\View\Engines\PhpEngine->evaluatePath('/Users/sanket/D...', Array).  

   WARN  #2 vendor/laravel/framework/src/Illuminate/View/View.php(195): Illuminate\View\Engines\CompilerEngine->get('/Users/sanket/D...', Array).  

   WARN  #3 vendor/laravel/framework/src/Illuminate/View/View.php(178): Illuminate\View\View->getContents().  

   WARN  #4 vendor/laravel/framework/src/Illuminate/View/View.php(147): Illuminate\View\View->renderContents().  

   WARN  #5 storage/framework/views/9ffbb18b5434c05b2ce2f4116a39e1ab73e54eb4.php(17): Illuminate\View\View->render().  

   WARN  #6 vendor/laravel/framework/src/Illuminate/Filesystem/Filesystem.php(109): require('/Users/sanket/D...').  

   WARN  #7 vendor/laravel/framework/src/Illuminate/Filesystem/Filesystem.php(110): Illuminate\Filesystem\Filesystem::Illuminate\Filesystem\{closure}().  

   WARN  #8 vendor/laravel/framework/src/Illuminate/View/Engines/PhpEngine.php(58): Illuminate\Filesystem\Filesystem->getRequire('/Users/sanket/D...', Array).  

   WARN  #9 vendor/laravel/framework/src/Illuminate/View/Engines/CompilerEngine.php(70): Illuminate\View\Engines\PhpEngine->evaluatePath('/Users/sanket/D...', Array).  

   WARN  #10 vendor/laravel/framework/src/Illuminate/View/View.php(195): Illuminate\View\Engines\CompilerEngine->get('/Users/sanket/D...', Array).  

   WARN  #11 vendor/laravel/framework/src/Illuminate/View/View.php(178): Illuminate\View\View->getContents().  

   WARN  #12 vendor/laravel/framework/src/Illuminate/View/View.php(147): Illuminate\View\View->renderContents().  

   WARN  #13 vendor/laravel/framework/src/Illuminate/Http/Response.php(69): Illuminate\View\View->render().  

   WARN  #14 vendor/laravel/framework/src/Illuminate/Http/Response.php(35): Illuminate\Http\Response->setContent(Object(Illuminate\View\View)).  

   WARN  #15 vendor/laravel/framework/src/Illuminate/Routing/ResponseFactory.php(57): Illuminate\Http\Response->__construct(Object(Illuminate\View\View), 500, Array).  

   WARN  #16 vendor/laravel/framework/src/Illuminate/Routing/ResponseFactory.php(87): Illuminate\Routing\ResponseFactory->make(Object(Illuminate\View\View), 500, Array).  

   WARN  #17 vendor/laravel/framework/src/Illuminate/Foundation/Exceptions/Handler.php(626): Illuminate\Routing\ResponseFactory->view('errors::500', Array, 500, Array).  

   WARN  #18 vendor/laravel/framework/src/Illuminate/Foundation/Exceptions/Handler.php(554): Illuminate\Foundation\Exceptions\Handler->renderHttpException(Object(Symfony\Component\HttpKernel\Exception\HttpException)).  

   WARN  #19 vendor/laravel/framework/src/Illuminate/Foundation/Exceptions/Handler.php(460): Illuminate\Foundation\Exceptions\Handler->prepareResponse(Object(Illuminate\Http\Request), Object(Symfony\Component\HttpKernel\Exception\HttpException)).  

   WARN  #20 vendor/laravel/framework/src/Illuminate/Foundation/Exceptions/Handler.php(377): Illuminate\Foundation\Exceptions\Handler->renderExceptionResponse(Object(Illuminate\Http\Request), Object(Symfony\Component\ErrorHandler\Error\FatalError)).  

   WARN  #21 app/Exceptions/Handler.php(53): Illuminate\Foundation\Exceptions\Handler->render(Object(Illuminate\Http\Request), Object(Symfony\Component\ErrorHandler\Error\FatalError)).  

   WARN  #22 vendor/laravel/framework/src/Illuminate/Foundation/Bootstrap/HandleExceptions.php(233): App\Exceptions\Handler->render(Object(Illuminate\Http\Request), Object(Symfony\Component\ErrorHandler\Error\FatalError)).  

   WARN  #23 vendor/laravel/framework/src/Illuminate/Foundation/Bootstrap/HandleExceptions.php(210): Illuminate\Foundation\Bootstrap\HandleExceptions->renderHttpResponse(Object(Symfony\Component\ErrorHandler\Error\FatalError)).  

   WARN  #24 vendor/laravel/framework/src/Illuminate/Foundation/Bootstrap/HandleExceptions.php(246): Illuminate\Foundation\Bootstrap\HandleExceptions->handleException(Object(Symfony\Component\ErrorHandler\Error\FatalError)).  

   WARN  #25 vendor/laravel/framework/src/Illuminate/Foundation/Bootstrap/HandleExceptions.php(270): Illuminate\Foundation\Bootstrap\HandleExceptions->handleShutdown().  

   WARN  #26 [internal function]: Illuminate\Foundation\Bootstrap\HandleExceptions->Illuminate\Foundation\Bootstrap\{closure}().  

   WARN  #27 {main}.  

   WARN  Next Illuminate\View\ViewException: SQLSTATE[42S22]: Column not found: 1054 Unknown column 'status' in 'where clause' (SQL: select * from `languages` where `status` = 1 and `languages`.`deleted_at` is null) (View: resources/views/frontend/inc/header.blade.php) (View: resources/views/frontend/inc/header.blade.php) (View: resources/views/frontend/inc/header.blade.php) in vendor/laravel/framework/src/Illuminate/Database/Connection.php:760.  

   WARN  Stack trace:  

   WARN  #0 vendor/laravel/framework/src/Illuminate/View/Engines/PhpEngine.php(60): Illuminate\View\Engines\CompilerEngine->handleViewException(Object(Illuminate\View\ViewException), 1).  

   WARN  #1 vendor/laravel/framework/src/Illuminate/View/Engines/CompilerEngine.php(70): Illuminate\View\Engines\PhpEngine->evaluatePath('/Users/sanket/D...', Array).  

   WARN  #2 vendor/laravel/framework/src/Illuminate/View/View.php(195): Illuminate\View\Engines\CompilerEngine->get('/Users/sanket/D...', Array).  

   WARN  #3 vendor/laravel/framework/src/Illuminate/View/View.php(178): Illuminate\View\View->getContents().  

   WARN  #4 vendor/laravel/framework/src/Illuminate/View/View.php(147): Illuminate\View\View->renderContents().  

   WARN  #5 vendor/laravel/framework/src/Illuminate/Http/Response.php(69): Illuminate\View\View->render().  

   WARN  #6 vendor/laravel/framework/src/Illuminate/Http/Response.php(35): Illuminate\Http\Response->setContent(Object(Illuminate\View\View)).  

   WARN  #7 vendor/laravel/framework/src/Illuminate/Routing/ResponseFactory.php(57): Illuminate\Http\Response->__construct(Object(Illuminate\View\View), 500, Array).  

   WARN  #8 vendor/laravel/framework/src/Illuminate/Routing/ResponseFactory.php(87): Illuminate\Routing\ResponseFactory->make(Object(Illuminate\View\View), 500, Array).  

   WARN  #9 vendor/laravel/framework/src/Illuminate/Foundation/Exceptions/Handler.php(626): Illuminate\Routing\ResponseFactory->view('errors::500', Array, 500, Array).  

   WARN  #10 vendor/laravel/framework/src/Illuminate/Foundation/Exceptions/Handler.php(554): Illuminate\Foundation\Exceptions\Handler->renderHttpException(Object(Symfony\Component\HttpKernel\Exception\HttpException)).  

   WARN  #11 vendor/laravel/framework/src/Illuminate/Foundation/Exceptions/Handler.php(460): Illuminate\Foundation\Exceptions\Handler->prepareResponse(Object(Illuminate\Http\Request), Object(Symfony\Component\HttpKernel\Exception\HttpException)).  

   WARN  #12 vendor/laravel/framework/src/Illuminate/Foundation/Exceptions/Handler.php(377): Illuminate\Foundation\Exceptions\Handler->renderExceptionResponse(Object(Illuminate\Http\Request), Object(Symfony\Component\ErrorHandler\Error\FatalError)).  

   WARN  #13 app/Exceptions/Handler.php(53): Illuminate\Foundation\Exceptions\Handler->render(Object(Illuminate\Http\Request), Object(Symfony\Component\ErrorHandler\Error\FatalError)).  

   WARN  #14 vendor/laravel/framework/src/Illuminate/Foundation/Bootstrap/HandleExceptions.php(233): App\Exceptions\Handler->render(Object(Illuminate\Http\Request), Object(Symfony\Component\ErrorHandler\Error\FatalError)).  

   WARN  #15 vendor/laravel/framework/src/Illuminate/Foundation/Bootstrap/HandleExceptions.php(210): Illuminate\Foundation\Bootstrap\HandleExceptions->renderHttpResponse(Object(Symfony\Component\ErrorHandler\Error\FatalError)).  

   WARN  #16 vendor/laravel/framework/src/Illuminate/Foundation/Bootstrap/HandleExceptions.php(246): Illuminate\Foundation\Bootstrap\HandleExceptions->handleException(Object(Symfony\Component\ErrorHandler\Error\FatalError)).  

   WARN  #17 vendor/laravel/framework/src/Illuminate/Foundation/Bootstrap/HandleExceptions.php(270): Illuminate\Foundation\Bootstrap\HandleExceptions->handleShutdown().  

   WARN  #18 [internal function]: Illuminate\Foundation\Bootstrap\HandleExceptions->Illuminate\Foundation\Bootstrap\{closure}().  

   WARN  #19 {main}.  

   WARN  thrown in vendor/laravel/framework/src/Illuminate/Database/Connection.php on line 760.  

  2026-02-20 22:25:14 ................................ ~ 1s
  2026-02-20 22:26:14 ................................ ~ 0s
  2026-02-20 22:25:15 ............................... ~ 93s
  2026-02-20 22:26:48 ................................ ~ 0s
  2026-02-20 22:26:48 /assets/css/vendors.css ........ ~ 0s
  2026-02-20 22:26:48 /assets/css/marathi-theme.css .. ~ 0s
  2026-02-20 22:26:48 /assets/css/aiz-core.css ....... ~ 0s
  2026-02-20 22:26:48 /assets/css/testimonials-animation.css  ~ 0s
  2026-02-20 22:26:48 /assets/img/flags/en.png ....... ~ 0s
  2026-02-20 22:26:48 /uploads/all/VLzKP5yQnLkojP6Qo5tw3Hqmq66xmzclDD5ccqt3.png  ~ 0s
  2026-02-20 22:26:48 ................................ ~ 0s
  2026-02-20 22:26:48 /assets/img/flags/mr.png ....... ~ 0s
  2026-02-20 22:26:48 /assets/js/aiz-core.js ......... ~ 0s
  2026-02-20 22:26:48 /assets/img/custom/ritual_banner.png  ~ 0s
  2026-02-20 22:26:48 /assets/img/custom/bride_banner.png  ~ 0s
  2026-02-20 22:26:48 /assets/fonts/la-solid-900.woff2  ~ 0s
  2026-02-20 22:26:48 /assets/img/custom/groom_banner.png  ~ 0s
  2026-02-20 22:26:48 /uploads/all/Dz7iRoKk4NVftWS2NUBCJYb9hyGShKfciMfhW34m.png  ~ 0s
  2026-02-20 22:26:48 /uploads/all/q7oLZIUsbv2sCeGydBzDZB400XkPnvCmd7dxN8jX.png  ~ 0s
  2026-02-20 22:26:48 /uploads/all/eX4kuKyomyBHsBhGTYvJCRZprXA7osr37SWf9WgY.png  ~ 0s
  2026-02-20 22:26:48 /assets/js/vendors.js .......... ~ 0s
  2026-02-20 22:26:48 /assets/img/avatar-place.png ... ~ 0s
  2026-02-20 22:26:48 /assets/img/custom/Gemini_Generated_Image_9fk3p79fk3p79fk3.png  ~ 0s
  2026-02-20 22:26:48 /assets/img/custom/actor_banner.png  ~ 0s
  2026-02-20 22:26:48 ................................ ~ 0s
  2026-02-20 22:31:30 ................................ ~ 0s
  2026-02-20 22:31:30 /assets/css/vendors.css ........ ~ 0s
  2026-02-20 22:31:30 /assets/css/marathi-theme.css .. ~ 0s
  2026-02-20 22:31:30 /assets/css/aiz-core.css ....... ~ 0s
  2026-02-20 22:31:30 /assets/css/testimonials-animation.css  ~ 0s
  2026-02-20 22:31:30 /assets/img/flags/en.png ....... ~ 0s
  2026-02-20 22:31:30 /uploads/all/VLzKP5yQnLkojP6Qo5tw3Hqmq66xmzclDD5ccqt3.png  ~ 0s
  2026-02-20 22:31:30 /assets/img/flags/mr.png ....... ~ 0s
  2026-02-20 22:31:30 ................................ ~ 0s
  2026-02-20 22:31:30 /assets/js/aiz-core.js ......... ~ 0s
  2026-02-20 22:31:30 /assets/img/custom/bride_banner.png  ~ 0s
  2026-02-20 22:31:30 /assets/img/custom/ritual_banner.png  ~ 0s
  2026-02-20 22:31:30 /assets/img/custom/groom_banner.png  ~ 0s
  2026-02-20 22:31:30 /assets/fonts/la-solid-900.woff2  ~ 0s
  2026-02-20 22:31:30 /uploads/all/Dz7iRoKk4NVftWS2NUBCJYb9hyGShKfciMfhW34m.png  ~ 0s
  2026-02-20 22:31:30 /uploads/all/q7oLZIUsbv2sCeGydBzDZB400XkPnvCmd7dxN8jX.png  ~ 0s
  2026-02-20 22:31:30 /uploads/all/eX4kuKyomyBHsBhGTYvJCRZprXA7osr37SWf9WgY.png  ~ 0s
  2026-02-20 22:31:30 /assets/js/vendors.js .......... ~ 0s
  2026-02-20 22:31:30 /assets/img/avatar-place.png ... ~ 0s
  2026-02-20 22:31:30 /assets/img/custom/Gemini_Generated_Image_9fk3p79fk3p79fk3.png  ~ 0s
  2026-02-20 22:31:30 /assets/img/custom/actor_banner.png  ~ 0s
  2026-02-20 22:31:30 ................................ ~ 0s
  2026-02-20 22:33:48 ................................ ~ 0s
  2026-02-20 22:33:48 /assets/css/vendors.css ........ ~ 0s
  2026-02-20 22:33:48 /assets/css/aiz-core.css ....... ~ 0s
  2026-02-20 22:33:48 /assets/css/marathi-theme.css .. ~ 0s
  2026-02-20 22:33:48 /assets/css/testimonials-animation.css  ~ 0s
  2026-02-20 22:33:48 /uploads/all/VLzKP5yQnLkojP6Qo5tw3Hqmq66xmzclDD5ccqt3.png  ~ 0s
  2026-02-20 22:33:48 /assets/img/flags/en.png ....... ~ 0s
  2026-02-20 22:33:48 ................................ ~ 0s
  2026-02-20 22:33:48 /assets/img/flags/mr.png ....... ~ 0s
  2026-02-20 22:33:48 /assets/js/aiz-core.js ......... ~ 0s
  2026-02-20 22:33:48 /assets/img/custom/bride_banner.png  ~ 0s
  2026-02-20 22:33:48 /assets/img/custom/ritual_banner.png  ~ 0s
  2026-02-20 22:33:48 /assets/fonts/la-solid-900.woff2  ~ 0s
  2026-02-20 22:33:48 /assets/img/custom/groom_banner.png  ~ 0s
  2026-02-20 22:33:48 /uploads/all/Dz7iRoKk4NVftWS2NUBCJYb9hyGShKfciMfhW34m.png  ~ 0s
  2026-02-20 22:33:48 /uploads/all/q7oLZIUsbv2sCeGydBzDZB400XkPnvCmd7dxN8jX.png  ~ 0s
  2026-02-20 22:33:48 /assets/js/vendors.js .......... ~ 0s
  2026-02-20 22:33:48 /uploads/all/eX4kuKyomyBHsBhGTYvJCRZprXA7osr37SWf9WgY.png  ~ 0s
  2026-02-20 22:33:48 /assets/img/avatar-place.png ... ~ 0s
  2026-02-20 22:33:48 /assets/img/custom/Gemini_Generated_Image_9fk3p79fk3p79fk3.png  ~ 0s
  2026-02-20 22:33:48 /assets/img/custom/actor_banner.png  ~ 0s
  2026-02-20 22:33:48 ................................ ~ 0s
  2026-02-20 22:38:35 ................................ ~ 0s
  2026-02-20 22:38:35 ................................ ~ 0s
  2026-02-20 22:38:35 /assets/css/marathi-theme.css .. ~ 0s
  2026-02-20 22:38:35 /assets/css/aiz-core.css ....... ~ 0s
  2026-02-20 22:38:35 /assets/css/testimonials-animation.css  ~ 0s
  2026-02-20 22:38:35 /assets/css/vendors.css ........ ~ 0s
  2026-02-20 22:38:35 /uploads/all/VLzKP5yQnLkojP6Qo5tw3Hqmq66xmzclDD5ccqt3.png  ~ 0s
  2026-02-20 22:38:35 /assets/img/flags/mr.png ....... ~ 0s
  2026-02-20 22:38:35 ................................ ~ 0s
  2026-02-20 22:38:35 /assets/img/flags/en.png ....... ~ 0s
  2026-02-20 22:38:35 /assets/js/aiz-core.js ......... ~ 0s
  2026-02-20 22:38:35 /assets/img/custom/bride_banner.png  ~ 0s
  2026-02-20 22:38:35 /assets/img/custom/ritual_banner.png  ~ 0s
  2026-02-20 22:38:35 /assets/fonts/la-solid-900.woff2  ~ 0s
  2026-02-20 22:38:35 /assets/img/custom/groom_banner.png  ~ 0s
  2026-02-20 22:38:35 /uploads/all/Dz7iRoKk4NVftWS2NUBCJYb9hyGShKfciMfhW34m.png  ~ 0s
  2026-02-20 22:38:35 /uploads/all/q7oLZIUsbv2sCeGydBzDZB400XkPnvCmd7dxN8jX.png  ~ 0s
  2026-02-20 22:38:35 /assets/js/vendors.js .......... ~ 0s
  2026-02-20 22:38:35 /uploads/all/eX4kuKyomyBHsBhGTYvJCRZprXA7osr37SWf9WgY.png  ~ 0s
  2026-02-20 22:38:35 /assets/img/avatar-place.png ... ~ 0s
  2026-02-20 22:38:35 /assets/img/custom/Gemini_Generated_Image_9fk3p79fk3p79fk3.png  ~ 0s
  2026-02-20 22:38:35 /assets/img/custom/actor_banner.png  ~ 0s
  2026-02-20 22:38:35 ................................ ~ 0s
  2026-02-20 22:38:40 ................................ ~ 0s
  2026-02-20 22:38:40 ................................ ~ 0s
  2026-02-20 22:38:40 /assets/css/vendors.css ........ ~ 0s
  2026-02-20 22:38:40 /assets/css/aiz-core.css ....... ~ 0s
  2026-02-20 22:38:40 /assets/css/marathi-theme.css .. ~ 0s
  2026-02-20 22:38:40 /assets/css/testimonials-animation.css  ~ 0s
  2026-02-20 22:38:40 /uploads/all/VLzKP5yQnLkojP6Qo5tw3Hqmq66xmzclDD5ccqt3.png  ~ 0s
  2026-02-20 22:38:40 /assets/img/flags/en.png ....... ~ 0s
  2026-02-20 22:38:40 ................................ ~ 0s
  2026-02-20 22:38:40 /assets/img/flags/mr.png ....... ~ 0s
  2026-02-20 22:38:40 /assets/js/aiz-core.js ......... ~ 0s
  2026-02-20 22:38:40 /assets/img/custom/bride_banner.png  ~ 0s
  2026-02-20 22:38:40 /assets/img/custom/ritual_banner.png  ~ 0s
  2026-02-20 22:38:40 /assets/fonts/la-solid-900.woff2  ~ 0s
  2026-02-20 22:38:40 /assets/js/vendors.js .......... ~ 0s
  2026-02-20 22:38:40 /assets/img/custom/groom_banner.png  ~ 0s
  2026-02-20 22:38:40 /uploads/all/Dz7iRoKk4NVftWS2NUBCJYb9hyGShKfciMfhW34m.png  ~ 0s
  2026-02-20 22:38:40 /assets/img/custom/Gemini_Generated_Image_9fk3p79fk3p79fk3.png  ~ 0s
  2026-02-20 22:38:40 /uploads/all/q7oLZIUsbv2sCeGydBzDZB400XkPnvCmd7dxN8jX.png  ~ 0s
  2026-02-20 22:38:40 /uploads/all/eX4kuKyomyBHsBhGTYvJCRZprXA7osr37SWf9WgY.png  ~ 0s
  2026-02-20 22:38:40 /assets/img/avatar-place.png ... ~ 0s
  2026-02-20 22:38:40 /assets/img/custom/actor_banner.png  ~ 0s
  2026-02-20 22:38:40 ................................ ~ 0s
  2026-02-20 22:39:40 ................................ ~ 0s
  2026-02-20 22:39:40 /assets/css/vendors.css ........ ~ 1s
  2026-02-20 22:39:41 /assets/css/aiz-core.css ....... ~ 0s
  2026-02-20 22:39:41 /assets/css/marathi-theme.css .. ~ 0s
  2026-02-20 22:39:41 /assets/css/testimonials-animation.css  ~ 0s
  2026-02-20 22:39:41 /uploads/all/VLzKP5yQnLkojP6Qo5tw3Hqmq66xmzclDD5ccqt3.png  ~ 0s
  2026-02-20 22:39:41 /assets/img/flags/en.png ....... ~ 0s
  2026-02-20 22:39:41 ................................ ~ 0s
  2026-02-20 22:39:41 /assets/img/flags/mr.png ....... ~ 0s
  2026-02-20 22:39:41 /assets/js/aiz-core.js ......... ~ 0s
  2026-02-20 22:39:41 /assets/img/custom/bride_banner.png  ~ 0s
  2026-02-20 22:39:41 /assets/img/custom/ritual_banner.png  ~ 0s
  2026-02-20 22:39:41 /assets/fonts/la-solid-900.woff2  ~ 0s
  2026-02-20 22:39:41 /assets/img/custom/groom_banner.png  ~ 0s
  2026-02-20 22:39:41 /uploads/all/Dz7iRoKk4NVftWS2NUBCJYb9hyGShKfciMfhW34m.png  ~ 0s
  2026-02-20 22:39:41 /uploads/all/q7oLZIUsbv2sCeGydBzDZB400XkPnvCmd7dxN8jX.png  ~ 0s
  2026-02-20 22:39:41 /assets/js/vendors.js .......... ~ 0s
  2026-02-20 22:39:41 /uploads/all/eX4kuKyomyBHsBhGTYvJCRZprXA7osr37SWf9WgY.png  ~ 0s
  2026-02-20 22:39:41 /assets/img/avatar-place.png ... ~ 0s
  2026-02-20 22:39:41 /assets/img/custom/Gemini_Generated_Image_9fk3p79fk3p79fk3.png  ~ 0s
  2026-02-20 22:39:41 /assets/img/custom/actor_banner.png  ~ 0s
  2026-02-20 22:39:41 ................................ ~ 0s
  2026-02-20 22:47:20 ................................ ~ 0s
  2026-02-20 22:47:20 /assets/css/aiz-core.css ....... ~ 0s
  2026-02-20 22:47:20 /assets/css/vendors.css ........ ~ 0s
  2026-02-20 22:47:20 /assets/css/marathi-theme.css .. ~ 0s
  2026-02-20 22:47:20 /assets/css/testimonials-animation.css  ~ 0s
  2026-02-20 22:47:20 /assets/img/flags/mr.png ....... ~ 0s
  2026-02-20 22:47:20 /uploads/all/VLzKP5yQnLkojP6Qo5tw3Hqmq66xmzclDD5ccqt3.png  ~ 0s
  2026-02-20 22:47:20 ................................ ~ 0s
  2026-02-20 22:47:20 /assets/img/flags/en.png ....... ~ 0s
  2026-02-20 22:47:20 /assets/js/aiz-core.js ......... ~ 0s
  2026-02-20 22:47:20 /assets/img/custom/bride_banner.png  ~ 0s
  2026-02-20 22:47:20 /assets/img/custom/ritual_banner.png  ~ 0s
  2026-02-20 22:47:20 /assets/fonts/la-solid-900.woff2  ~ 0s
  2026-02-20 22:47:20 /assets/img/custom/groom_banner.png  ~ 0s
  2026-02-20 22:47:20 /uploads/all/Dz7iRoKk4NVftWS2NUBCJYb9hyGShKfciMfhW34m.png  ~ 0s
  2026-02-20 22:47:20 /uploads/all/q7oLZIUsbv2sCeGydBzDZB400XkPnvCmd7dxN8jX.png  ~ 0s
  2026-02-20 22:47:20 /uploads/all/eX4kuKyomyBHsBhGTYvJCRZprXA7osr37SWf9WgY.png  ~ 0s
  2026-02-20 22:47:20 /assets/js/vendors.js .......... ~ 0s
  2026-02-20 22:47:20 /assets/img/avatar-place.png ... ~ 0s
  2026-02-20 22:47:20 /assets/img/custom/Gemini_Generated_Image_9fk3p79fk3p79fk3.png  ~ 0s
  2026-02-20 22:47:20 /assets/img/custom/actor_banner.png  ~ 0s
  2026-02-20 22:47:20 ................................ ~ 1s
  2026-02-20 22:49:33 ................................ ~ 0s
  2026-02-20 22:49:33 ................................ ~ 0s
  2026-02-20 22:49:33 /assets/css/vendors.css ........ ~ 0s
  2026-02-20 22:49:33 /assets/css/aiz-core.css ....... ~ 0s
  2026-02-20 22:49:33 /assets/css/marathi-theme.css .. ~ 0s
  2026-02-20 22:49:33 /assets/css/testimonials-animation.css  ~ 0s
  2026-02-20 22:49:33 ................................ ~ 0s
  2026-02-20 22:49:33 /uploads/all/VLzKP5yQnLkojP6Qo5tw3Hqmq66xmzclDD5ccqt3.png  ~ 0s
  2026-02-20 22:49:33 /assets/img/flags/en.png ....... ~ 0s
  2026-02-20 22:49:33 /assets/img/flags/mr.png ....... ~ 0s
  2026-02-20 22:49:33 /assets/js/aiz-core.js ......... ~ 0s
  2026-02-20 22:49:33 /assets/fonts/la-solid-900.woff2  ~ 0s
  2026-02-20 22:49:33 /assets/img/custom/bride_banner.png  ~ 0s
  2026-02-20 22:49:33 /assets/img/custom/ritual_banner.png  ~ 0s
  2026-02-20 22:49:33 /assets/img/custom/groom_banner.png  ~ 0s
  2026-02-20 22:49:33 /uploads/all/Dz7iRoKk4NVftWS2NUBCJYb9hyGShKfciMfhW34m.png  ~ 0s
  2026-02-20 22:49:33 /uploads/all/q7oLZIUsbv2sCeGydBzDZB400XkPnvCmd7dxN8jX.png  ~ 0s
  2026-02-20 22:49:33 /assets/js/vendors.js .......... ~ 0s
  2026-02-20 22:49:33 /uploads/all/eX4kuKyomyBHsBhGTYvJCRZprXA7osr37SWf9WgY.png  ~ 0s
  2026-02-20 22:49:33 /assets/img/avatar-place.png ... ~ 0s
  2026-02-20 22:49:33 /assets/img/custom/Gemini_Generated_Image_9fk3p79fk3p79fk3.png  ~ 0s
  2026-02-20 22:49:33 /assets/img/custom/actor_banner.png  ~ 0s
  2026-02-20 22:49:33 ................................ ~ 1s
  2026-02-20 22:53:04 ................................ ~ 1s
  2026-02-20 22:58:04 ................................ ~ 0s
  2026-02-20 22:58:04 ................................ ~ 1s
  2026-02-20 22:58:05 /assets/css/vendors.css ........ ~ 0s
  2026-02-20 22:58:05 /assets/css/aiz-core.css ....... ~ 0s
  2026-02-20 22:58:05 /assets/css/marathi-theme.css .. ~ 0s
  2026-02-20 22:58:05 /assets/css/testimonials-animation.css  ~ 0s
  2026-02-20 22:58:05 /uploads/all/VLzKP5yQnLkojP6Qo5tw3Hqmq66xmzclDD5ccqt3.png  ~ 0s
  2026-02-20 22:58:05 /assets/img/flags/mr.png ....... ~ 0s
  2026-02-20 22:58:05 ................................ ~ 0s
  2026-02-20 22:58:05 /assets/img/flags/en.png ....... ~ 0s
  2026-02-20 22:58:05 /assets/js/aiz-core.js ......... ~ 0s
  2026-02-20 22:58:05 /assets/img/custom/bride_banner.png  ~ 0s
  2026-02-20 22:58:05 /assets/img/custom/ritual_banner.png  ~ 0s
  2026-02-20 22:58:05 /assets/fonts/la-solid-900.woff2  ~ 0s
  2026-02-20 22:58:05 /assets/img/custom/groom_banner.png  ~ 0s
  2026-02-20 22:58:05 /uploads/all/Dz7iRoKk4NVftWS2NUBCJYb9hyGShKfciMfhW34m.png  ~ 0s
  2026-02-20 22:58:05 /uploads/all/q7oLZIUsbv2sCeGydBzDZB400XkPnvCmd7dxN8jX.png  ~ 0s
  2026-02-20 22:58:05 /uploads/all/eX4kuKyomyBHsBhGTYvJCRZprXA7osr37SWf9WgY.png  ~ 0s
  2026-02-20 22:58:05 /assets/js/vendors.js .......... ~ 0s
  2026-02-20 22:58:05 /assets/img/avatar-place.png ... ~ 0s
  2026-02-20 22:58:05 /assets/img/custom/Gemini_Generated_Image_9fk3p79fk3p79fk3.png  ~ 0s
  2026-02-20 22:58:05 /assets/img/custom/actor_banner.png  ~ 0s
  2026-02-20 22:58:05 ................................ ~ 0s
  2026-02-20 23:05:49 ................................ ~ 0s
  2026-02-20 23:06:10 ................................ ~ 0s
  2026-02-20 23:06:10 /assets/css/vendors.css ........ ~ 0s
  2026-02-20 23:06:10 /assets/css/marathi-theme.css .. ~ 0s
  2026-02-20 23:06:10 /assets/css/aiz-core.css ....... ~ 0s
  2026-02-20 23:06:10 /assets/css/testimonials-animation.css  ~ 0s
  2026-02-20 23:06:10 /uploads/all/VLzKP5yQnLkojP6Qo5tw3Hqmq66xmzclDD5ccqt3.png  ~ 0s
  2026-02-20 23:06:10 /assets/img/custom/bride_banner.png  ~ 0s
  2026-02-20 23:06:10 /assets/img/custom/ritual_banner.png  ~ 0s
  2026-02-20 23:06:10 /assets/img/custom/groom_banner.png  ~ 0s
  2026-02-20 23:06:10 /uploads/all/Dz7iRoKk4NVftWS2NUBCJYb9hyGShKfciMfhW34m.png  ~ 0s
  2026-02-20 23:06:10 /assets/js/aiz-core.js ......... ~ 0s
  2026-02-20 23:06:10 /uploads/all/q7oLZIUsbv2sCeGydBzDZB400XkPnvCmd7dxN8jX.png  ~ 0s
  2026-02-20 23:06:10 /uploads/all/eX4kuKyomyBHsBhGTYvJCRZprXA7osr37SWf9WgY.png  ~ 0s
  2026-02-20 23:06:10 /assets/img/avatar-place.png ... ~ 0s
  2026-02-20 23:06:10 /assets/js/vendors.js .......... ~ 0s
  2026-02-20 23:06:10 /assets/img/custom/actor_banner.png  ~ 0s
  2026-02-20 23:06:10 /assets/img/custom/Gemini_Generated_Image_9fk3p79fk3p79fk3.png  ~ 0s
  2026-02-20 23:06:10 /assets/fonts/la-solid-900.woff2  ~ 0s
  2026-02-20 23:06:10 ................................ ~ 0s
  2026-02-20 23:06:30 ................................ ~ 0s
  2026-02-20 23:06:30 ................................ ~ 0s
  2026-02-20 23:06:30 /assets/css/vendors.css ........ ~ 0s
  2026-02-20 23:06:30 /assets/css/aiz-core.css ....... ~ 0s
  2026-02-20 23:06:30 /assets/css/marathi-theme.css .. ~ 0s
  2026-02-20 23:06:30 /assets/css/testimonials-animation.css  ~ 0s
  2026-02-20 23:06:30 /uploads/all/VLzKP5yQnLkojP6Qo5tw3Hqmq66xmzclDD5ccqt3.png  ~ 0s
  2026-02-20 23:06:30 /assets/img/custom/bride_banner.png  ~ 0s
  2026-02-20 23:06:30 /assets/img/custom/ritual_banner.png  ~ 0s
  2026-02-20 23:06:30 /assets/img/custom/groom_banner.png  ~ 0s
  2026-02-20 23:06:30 /uploads/all/Dz7iRoKk4NVftWS2NUBCJYb9hyGShKfciMfhW34m.png  ~ 0s
  2026-02-20 23:06:30 /assets/js/aiz-core.js ......... ~ 0s
  2026-02-20 23:06:30 /uploads/all/q7oLZIUsbv2sCeGydBzDZB400XkPnvCmd7dxN8jX.png  ~ 0s
  2026-02-20 23:06:30 /uploads/all/eX4kuKyomyBHsBhGTYvJCRZprXA7osr37SWf9WgY.png  ~ 0s
  2026-02-20 23:06:30 /assets/img/avatar-place.png ... ~ 1s
  2026-02-20 23:06:30 /assets/js/vendors.js .......... ~ 1s
  2026-02-20 23:06:31 /assets/fonts/la-solid-900.woff2  ~ 0s
  2026-02-20 23:06:30 /assets/img/custom/actor_banner.png  ~ 1s
  2026-02-20 23:06:30 /assets/img/custom/Gemini_Generated_Image_9fk3p79fk3p79fk3.png  ~ 1s
  2026-02-20 23:06:31 ................................ ~ 0s
  2026-02-20 23:10:39 ................................ ~ 0s
  2026-02-20 23:10:39 /assets/css/vendors.css ........ ~ 0s
  2026-02-20 23:10:39 /assets/css/marathi-theme.css .. ~ 0s
  2026-02-20 23:10:39 /assets/css/aiz-core.css ....... ~ 0s
  2026-02-20 23:10:39 /assets/css/testimonials-animation.css  ~ 0s
  2026-02-20 23:10:39 /uploads/all/VLzKP5yQnLkojP6Qo5tw3Hqmq66xmzclDD5ccqt3.png  ~ 0s
  2026-02-20 23:10:39 /assets/img/custom/bride_banner.png  ~ 0s
  2026-02-20 23:10:39 /assets/img/custom/ritual_banner.png  ~ 0s
  2026-02-20 23:10:39 /assets/img/custom/groom_banner.png  ~ 0s
  2026-02-20 23:10:39 /uploads/all/Dz7iRoKk4NVftWS2NUBCJYb9hyGShKfciMfhW34m.png  ~ 0s
  2026-02-20 23:10:39 /assets/js/aiz-core.js ......... ~ 0s
  2026-02-20 23:10:39 /uploads/all/q7oLZIUsbv2sCeGydBzDZB400XkPnvCmd7dxN8jX.png  ~ 0s
  2026-02-20 23:10:39 /uploads/all/eX4kuKyomyBHsBhGTYvJCRZprXA7osr37SWf9WgY.png  ~ 0s
  2026-02-20 23:10:39 /assets/img/avatar-place.png ... ~ 0s
  2026-02-20 23:10:39 /assets/js/vendors.js .......... ~ 0s
  2026-02-20 23:10:39 /assets/fonts/la-solid-900.woff2  ~ 0s
  2026-02-20 23:10:39 /assets/img/custom/Gemini_Generated_Image_9fk3p79fk3p79fk3.png  ~ 0s
  2026-02-20 23:10:39 /assets/img/custom/actor_banner.png  ~ 0s
  2026-02-20 23:10:39 ................................ ~ 0s
  2026-02-20 23:11:01 ................................ ~ 0s
  2026-02-20 23:11:01 /assets/css/vendors.css ........ ~ 0s
  2026-02-20 23:11:01 /assets/css/marathi-theme.css .. ~ 0s
  2026-02-20 23:11:01 /assets/css/aiz-core.css ....... ~ 0s
  2026-02-20 23:11:01 /assets/css/testimonials-animation.css  ~ 0s
  2026-02-20 23:11:01 /uploads/all/VLzKP5yQnLkojP6Qo5tw3Hqmq66xmzclDD5ccqt3.png  ~ 0s
  2026-02-20 23:11:01 /assets/img/custom/bride_banner.png  ~ 0s
  2026-02-20 23:11:01 /assets/img/custom/ritual_banner.png  ~ 0s
  2026-02-20 23:11:01 /assets/img/custom/groom_banner.png  ~ 0s
  2026-02-20 23:11:01 /uploads/all/Dz7iRoKk4NVftWS2NUBCJYb9hyGShKfciMfhW34m.png  ~ 0s
  2026-02-20 23:11:01 /assets/js/aiz-core.js ......... ~ 0s
  2026-02-20 23:11:01 /uploads/all/q7oLZIUsbv2sCeGydBzDZB400XkPnvCmd7dxN8jX.png  ~ 0s
  2026-02-20 23:11:01 /uploads/all/eX4kuKyomyBHsBhGTYvJCRZprXA7osr37SWf9WgY.png  ~ 0s
  2026-02-20 23:11:01 /assets/img/avatar-place.png ... ~ 0s
  2026-02-20 23:11:01 /assets/fonts/la-solid-900.woff2  ~ 0s
  2026-02-20 23:11:01 /assets/js/vendors.js .......... ~ 0s
  2026-02-20 23:11:01 /assets/img/custom/actor_banner.png  ~ 0s
  2026-02-20 23:11:01 /assets/img/custom/Gemini_Generated_Image_9fk3p79fk3p79fk3.png  ~ 0s
  2026-02-20 23:11:01 ................................ ~ 1s
  2026-02-20 23:11:59 ................................ ~ 0s
  2026-02-20 23:11:59 /assets/css/vendors.css ........ ~ 0s
  2026-02-20 23:11:59 /assets/css/marathi-theme.css .. ~ 0s
  2026-02-20 23:11:59 /assets/css/testimonials-animation.css  ~ 0s
  2026-02-20 23:11:59 /assets/css/aiz-core.css ....... ~ 0s
  2026-02-20 23:11:59 /uploads/all/VLzKP5yQnLkojP6Qo5tw3Hqmq66xmzclDD5ccqt3.png  ~ 0s
  2026-02-20 23:11:59 /assets/img/custom/bride_banner.png  ~ 0s
  2026-02-20 23:11:59 /assets/img/custom/ritual_banner.png  ~ 0s
  2026-02-20 23:11:59 /assets/img/custom/groom_banner.png  ~ 0s
  2026-02-20 23:11:59 /uploads/all/Dz7iRoKk4NVftWS2NUBCJYb9hyGShKfciMfhW34m.png  ~ 0s
  2026-02-20 23:11:59 /assets/js/aiz-core.js ......... ~ 0s
  2026-02-20 23:11:59 /uploads/all/q7oLZIUsbv2sCeGydBzDZB400XkPnvCmd7dxN8jX.png  ~ 0s
  2026-02-20 23:11:59 /uploads/all/eX4kuKyomyBHsBhGTYvJCRZprXA7osr37SWf9WgY.png  ~ 0s
  2026-02-20 23:11:59 /assets/img/avatar-place.png ... ~ 0s
  2026-02-20 23:11:59 /assets/js/vendors.js .......... ~ 0s
  2026-02-20 23:11:59 /assets/img/custom/actor_banner.png  ~ 0s
  2026-02-20 23:11:59 /assets/img/custom/Gemini_Generated_Image_9fk3p79fk3p79fk3.png  ~ 0s
  2026-02-20 23:11:59 /assets/fonts/la-solid-900.woff2  ~ 0s
  2026-02-20 23:11:59 ................................ ~ 0s
  2026-02-20 23:12:17 ................................ ~ 0s
  2026-02-20 23:12:17 /assets/css/vendors.css ........ ~ 0s
  2026-02-20 23:12:17 /assets/css/aiz-core.css ....... ~ 0s
  2026-02-20 23:12:17 /assets/css/marathi-theme.css .. ~ 0s
  2026-02-20 23:12:17 /assets/css/testimonials-animation.css  ~ 0s
  2026-02-20 23:12:17 /uploads/all/VLzKP5yQnLkojP6Qo5tw3Hqmq66xmzclDD5ccqt3.png  ~ 0s
  2026-02-20 23:12:17 /assets/img/custom/bride_banner.png  ~ 0s
  2026-02-20 23:12:17 /assets/img/custom/ritual_banner.png  ~ 0s
  2026-02-20 23:12:17 /assets/img/custom/groom_banner.png  ~ 0s
  2026-02-20 23:12:17 /uploads/all/Dz7iRoKk4NVftWS2NUBCJYb9hyGShKfciMfhW34m.png  ~ 0s
  2026-02-20 23:12:17 /assets/js/aiz-core.js ......... ~ 0s
  2026-02-20 23:12:17 /uploads/all/q7oLZIUsbv2sCeGydBzDZB400XkPnvCmd7dxN8jX.png  ~ 0s
  2026-02-20 23:12:17 /uploads/all/eX4kuKyomyBHsBhGTYvJCRZprXA7osr37SWf9WgY.png  ~ 0s
  2026-02-20 23:12:17 /assets/img/avatar-place.png ... ~ 0s
  2026-02-20 23:12:17 /assets/js/vendors.js .......... ~ 0s
  2026-02-20 23:12:17 /assets/img/custom/actor_banner.png  ~ 0s
  2026-02-20 23:12:17 /assets/fonts/la-solid-900.woff2  ~ 0s
  2026-02-20 23:12:17 /assets/img/custom/Gemini_Generated_Image_9fk3p79fk3p79fk3.png  ~ 0s
  2026-02-20 23:12:17 ................................ ~ 0s
  2026-02-20 23:12:39 ................................ ~ 0s
  2026-02-20 23:12:39 /assets/css/vendors.css ........ ~ 0s
  2026-02-20 23:12:39 /assets/css/aiz-core.css ....... ~ 0s
  2026-02-20 23:12:39 /assets/css/marathi-theme.css .. ~ 0s
  2026-02-20 23:12:39 /assets/css/testimonials-animation.css  ~ 0s
  2026-02-20 23:12:39 /uploads/all/VLzKP5yQnLkojP6Qo5tw3Hqmq66xmzclDD5ccqt3.png  ~ 0s
  2026-02-20 23:12:39 /assets/img/custom/bride_banner.png  ~ 0s
  2026-02-20 23:12:39 /assets/img/custom/ritual_banner.png  ~ 0s
  2026-02-20 23:12:39 /assets/img/custom/groom_banner.png  ~ 0s
  2026-02-20 23:12:39 /uploads/all/Dz7iRoKk4NVftWS2NUBCJYb9hyGShKfciMfhW34m.png  ~ 0s
  2026-02-20 23:12:39 /assets/js/aiz-core.js ......... ~ 0s
  2026-02-20 23:12:39 /uploads/all/q7oLZIUsbv2sCeGydBzDZB400XkPnvCmd7dxN8jX.png  ~ 0s
  2026-02-20 23:12:39 /uploads/all/eX4kuKyomyBHsBhGTYvJCRZprXA7osr37SWf9WgY.png  ~ 0s
  2026-02-20 23:12:39 /assets/img/avatar-place.png ... ~ 0s
  2026-02-20 23:12:39 /assets/js/vendors.js .......... ~ 0s
  2026-02-20 23:12:39 /assets/img/custom/actor_banner.png  ~ 0s
  2026-02-20 23:12:39 /assets/img/custom/Gemini_Generated_Image_9fk3p79fk3p79fk3.png  ~ 0s
  2026-02-20 23:12:39 /assets/fonts/la-solid-900.woff2  ~ 0s
  2026-02-20 23:12:39 ................................ ~ 0s
  2026-02-20 23:13:38 ................................ ~ 0s
  2026-02-20 23:13:38 ................................ ~ 0s
  2026-02-20 23:13:38 /assets/css/vendors.css ........ ~ 0s
  2026-02-20 23:13:38 /assets/css/aiz-core.css ....... ~ 0s
  2026-02-20 23:13:38 /assets/css/marathi-theme.css .. ~ 0s
  2026-02-20 23:13:38 /assets/css/testimonials-animation.css  ~ 0s
  2026-02-20 23:13:38 /uploads/all/VLzKP5yQnLkojP6Qo5tw3Hqmq66xmzclDD5ccqt3.png  ~ 0s
  2026-02-20 23:13:38 /assets/img/custom/bride_banner.png  ~ 0s
  2026-02-20 23:13:38 /assets/img/custom/ritual_banner.png  ~ 0s
  2026-02-20 23:13:38 /assets/img/custom/groom_banner.png  ~ 0s
  2026-02-20 23:13:38 /uploads/all/Dz7iRoKk4NVftWS2NUBCJYb9hyGShKfciMfhW34m.png  ~ 0s
  2026-02-20 23:13:38 /assets/js/aiz-core.js ......... ~ 0s
  2026-02-20 23:13:38 /uploads/all/q7oLZIUsbv2sCeGydBzDZB400XkPnvCmd7dxN8jX.png  ~ 0s
  2026-02-20 23:13:38 /uploads/all/eX4kuKyomyBHsBhGTYvJCRZprXA7osr37SWf9WgY.png  ~ 0s
  2026-02-20 23:13:38 /assets/img/avatar-place.png ... ~ 0s
  2026-02-20 23:13:38 /assets/js/vendors.js .......... ~ 0s
  2026-02-20 23:13:38 /assets/img/custom/actor_banner.png  ~ 0s
  2026-02-20 23:13:38 /assets/img/custom/Gemini_Generated_Image_9fk3p79fk3p79fk3.png  ~ 0s
  2026-02-20 23:13:38 /assets/fonts/la-solid-900.woff2  ~ 0s
  2026-02-20 23:13:38 ................................ ~ 0s
  2026-02-20 23:13:46 ................................ ~ 0s
  2026-02-20 23:13:46 ................................ ~ 0s
  2026-02-20 23:13:46 /assets/css/vendors.css ........ ~ 0s
  2026-02-20 23:13:46 /assets/css/aiz-core.css ....... ~ 0s
  2026-02-20 23:13:46 /assets/css/marathi-theme.css .. ~ 0s
  2026-02-20 23:13:46 /assets/css/testimonials-animation.css  ~ 0s
  2026-02-20 23:13:46 /uploads/all/VLzKP5yQnLkojP6Qo5tw3Hqmq66xmzclDD5ccqt3.png  ~ 0s
  2026-02-20 23:13:46 /assets/img/custom/bride_banner.png  ~ 0s
  2026-02-20 23:13:46 /assets/img/custom/ritual_banner.png  ~ 0s
  2026-02-20 23:13:46 /assets/img/custom/groom_banner.png  ~ 0s
  2026-02-20 23:13:46 /uploads/all/Dz7iRoKk4NVftWS2NUBCJYb9hyGShKfciMfhW34m.png  ~ 0s
  2026-02-20 23:13:46 /assets/js/aiz-core.js ......... ~ 0s
  2026-02-20 23:13:46 /uploads/all/q7oLZIUsbv2sCeGydBzDZB400XkPnvCmd7dxN8jX.png  ~ 0s
  2026-02-20 23:13:46 /uploads/all/eX4kuKyomyBHsBhGTYvJCRZprXA7osr37SWf9WgY.png  ~ 0s
  2026-02-20 23:13:46 /assets/img/avatar-place.png ... ~ 0s
  2026-02-20 23:13:46 /assets/js/vendors.js .......... ~ 0s
  2026-02-20 23:13:46 /assets/img/custom/actor_banner.png  ~ 0s
  2026-02-20 23:13:46 /assets/img/custom/Gemini_Generated_Image_9fk3p79fk3p79fk3.png  ~ 0s
  2026-02-20 23:13:46 /assets/fonts/la-solid-900.woff2  ~ 0s
  2026-02-20 23:13:46 ................................ ~ 0s
  2026-02-20 23:14:02 ................................ ~ 0s
  2026-02-20 23:14:02 ................................ ~ 0s
  2026-02-20 23:14:02 /assets/css/marathi-theme.css .. ~ 0s
  2026-02-20 23:14:02 /assets/css/aiz-core.css ....... ~ 0s
  2026-02-20 23:14:02 /assets/css/testimonials-animation.css  ~ 0s
  2026-02-20 23:14:02 /assets/css/vendors.css ........ ~ 0s
  2026-02-20 23:14:02 /uploads/all/VLzKP5yQnLkojP6Qo5tw3Hqmq66xmzclDD5ccqt3.png  ~ 0s
  2026-02-20 23:14:02 /assets/img/custom/bride_banner.png  ~ 0s
  2026-02-20 23:14:02 /assets/img/custom/ritual_banner.png  ~ 0s
  2026-02-20 23:14:02 /assets/img/custom/groom_banner.png  ~ 0s
  2026-02-20 23:14:02 /uploads/all/Dz7iRoKk4NVftWS2NUBCJYb9hyGShKfciMfhW34m.png  ~ 0s
  2026-02-20 23:14:02 /assets/js/aiz-core.js ......... ~ 0s
  2026-02-20 23:14:02 /uploads/all/q7oLZIUsbv2sCeGydBzDZB400XkPnvCmd7dxN8jX.png  ~ 0s
  2026-02-20 23:14:02 /uploads/all/eX4kuKyomyBHsBhGTYvJCRZprXA7osr37SWf9WgY.png  ~ 0s
  2026-02-20 23:14:02 /assets/img/avatar-place.png ... ~ 0s
  2026-02-20 23:14:02 /assets/js/vendors.js .......... ~ 0s
  2026-02-20 23:14:02 /assets/img/custom/actor_banner.png  ~ 0s
  2026-02-20 23:14:02 /assets/img/custom/Gemini_Generated_Image_9fk3p79fk3p79fk3.png  ~ 0s
  2026-02-20 23:14:02 /assets/fonts/la-solid-900.woff2  ~ 0s
  2026-02-20 23:14:02 ................................ ~ 0s
  2026-02-20 23:14:18 ................................ ~ 0s
  2026-02-20 23:14:18 /assets/css/vendors.css ........ ~ 0s
  2026-02-20 23:14:18 /assets/css/aiz-core.css ....... ~ 0s
  2026-02-20 23:14:18 /assets/css/marathi-theme.css .. ~ 0s
  2026-02-20 23:14:18 /assets/css/testimonials-animation.css  ~ 0s
  2026-02-20 23:14:18 /uploads/all/VLzKP5yQnLkojP6Qo5tw3Hqmq66xmzclDD5ccqt3.png  ~ 0s
  2026-02-20 23:14:18 /assets/img/custom/bride_banner.png  ~ 0s
  2026-02-20 23:14:18 /assets/img/custom/ritual_banner.png  ~ 0s
  2026-02-20 23:14:18 /assets/img/custom/groom_banner.png  ~ 0s
  2026-02-20 23:14:18 /uploads/all/Dz7iRoKk4NVftWS2NUBCJYb9hyGShKfciMfhW34m.png  ~ 0s
  2026-02-20 23:14:18 /assets/js/aiz-core.js ......... ~ 0s
  2026-02-20 23:14:18 /uploads/all/q7oLZIUsbv2sCeGydBzDZB400XkPnvCmd7dxN8jX.png  ~ 0s
  2026-02-20 23:14:18 /assets/js/vendors.js .......... ~ 0s
  2026-02-20 23:14:18 /uploads/all/eX4kuKyomyBHsBhGTYvJCRZprXA7osr37SWf9WgY.png  ~ 0s
  2026-02-20 23:14:18 /assets/img/avatar-place.png ... ~ 0s
  2026-02-20 23:14:18 /assets/fonts/la-solid-900.woff2  ~ 0s
  2026-02-20 23:14:18 /assets/img/custom/Gemini_Generated_Image_9fk3p79fk3p79fk3.png  ~ 0s
  2026-02-20 23:14:18 /assets/img/custom/actor_banner.png  ~ 0s
  2026-02-20 23:14:18 ................................ ~ 1s
  2026-02-20 23:14:21 ................................ ~ 0s
  2026-02-20 23:14:21 ................................ ~ 0s
  2026-02-20 23:14:21 /assets/css/vendors.css ........ ~ 0s
  2026-02-20 23:14:21 /assets/css/aiz-core.css ....... ~ 0s
  2026-02-20 23:14:21 /assets/css/marathi-theme.css .. ~ 0s
  2026-02-20 23:14:21 /assets/css/testimonials-animation.css  ~ 0s
  2026-02-20 23:14:21 /uploads/all/VLzKP5yQnLkojP6Qo5tw3Hqmq66xmzclDD5ccqt3.png  ~ 0s
  2026-02-20 23:14:21 /assets/img/custom/bride_banner.png  ~ 0s
  2026-02-20 23:14:21 /assets/img/custom/ritual_banner.png  ~ 0s
  2026-02-20 23:14:21 /assets/img/custom/groom_banner.png  ~ 0s
  2026-02-20 23:14:21 /uploads/all/Dz7iRoKk4NVftWS2NUBCJYb9hyGShKfciMfhW34m.png  ~ 0s
  2026-02-20 23:14:21 /assets/js/aiz-core.js ......... ~ 0s
  2026-02-20 23:14:21 /uploads/all/q7oLZIUsbv2sCeGydBzDZB400XkPnvCmd7dxN8jX.png  ~ 0s
  2026-02-20 23:14:21 /uploads/all/eX4kuKyomyBHsBhGTYvJCRZprXA7osr37SWf9WgY.png  ~ 0s
  2026-02-20 23:14:21 /assets/img/avatar-place.png ... ~ 0s
  2026-02-20 23:14:21 /assets/js/vendors.js .......... ~ 0s
  2026-02-20 23:14:21 /assets/img/custom/actor_banner.png  ~ 0s
  2026-02-20 23:14:21 /assets/img/custom/Gemini_Generated_Image_9fk3p79fk3p79fk3.png  ~ 0s
  2026-02-20 23:14:21 /assets/fonts/la-solid-900.woff2  ~ 0s
  2026-02-20 23:14:21 ................................ ~ 0s
  2026-02-20 23:14:29 ................................ ~ 0s
  2026-02-20 23:14:29 ................................ ~ 1s
  2026-02-20 23:14:30 /assets/css/vendors.css ........ ~ 0s
  2026-02-20 23:14:30 /assets/css/aiz-core.css ....... ~ 0s
  2026-02-20 23:14:30 /assets/css/marathi-theme.css .. ~ 0s
  2026-02-20 23:14:30 /assets/css/testimonials-animation.css  ~ 0s
  2026-02-20 23:14:30 /uploads/all/VLzKP5yQnLkojP6Qo5tw3Hqmq66xmzclDD5ccqt3.png  ~ 0s
  2026-02-20 23:14:30 /assets/img/custom/bride_banner.png  ~ 0s
  2026-02-20 23:14:30 /assets/img/custom/ritual_banner.png  ~ 0s
  2026-02-20 23:14:30 /assets/img/custom/groom_banner.png  ~ 0s
  2026-02-20 23:14:30 /uploads/all/Dz7iRoKk4NVftWS2NUBCJYb9hyGShKfciMfhW34m.png  ~ 0s
  2026-02-20 23:14:30 /assets/js/aiz-core.js ......... ~ 0s
  2026-02-20 23:14:30 /uploads/all/q7oLZIUsbv2sCeGydBzDZB400XkPnvCmd7dxN8jX.png  ~ 0s
  2026-02-20 23:14:30 /uploads/all/eX4kuKyomyBHsBhGTYvJCRZprXA7osr37SWf9WgY.png  ~ 0s
  2026-02-20 23:14:30 /assets/img/avatar-place.png ... ~ 0s
  2026-02-20 23:14:30 /assets/js/vendors.js .......... ~ 0s
  2026-02-20 23:14:30 /assets/img/custom/actor_banner.png  ~ 0s
  2026-02-20 23:14:30 /assets/img/custom/Gemini_Generated_Image_9fk3p79fk3p79fk3.png  ~ 0s
  2026-02-20 23:14:30 /assets/fonts/la-solid-900.woff2  ~ 0s
  2026-02-20 23:14:30 ................................ ~ 0s
  2026-02-20 23:16:04 ................................ ~ 0s
  2026-02-20 23:16:04 /assets/css/vendors.css ........ ~ 0s
  2026-02-20 23:16:04 /assets/css/aiz-core.css ....... ~ 0s
  2026-02-20 23:16:04 /assets/css/marathi-theme.css .. ~ 0s
  2026-02-20 23:16:04 /assets/css/testimonials-animation.css  ~ 0s
  2026-02-20 23:16:04 /uploads/all/VLzKP5yQnLkojP6Qo5tw3Hqmq66xmzclDD5ccqt3.png  ~ 0s
  2026-02-20 23:16:04 /assets/img/avatar-place.png ... ~ 0s
  2026-02-20 23:16:04 /assets/js/aiz-core.js ......... ~ 0s
  2026-02-20 23:16:04 /assets/js/vendors.js .......... ~ 0s
  2026-02-20 23:16:04 /assets/fonts/la-solid-900.woff2  ~ 0s
  2026-02-20 23:16:04 /assets/fonts/la-brands-400.woff2  ~ 0s
  2026-02-20 23:16:04 ................................ ~ 1s
  2026-02-20 23:16:55 ................................ ~ 0s
  2026-02-20 23:16:55 /assets/css/vendors.css ........ ~ 0s
  2026-02-20 23:16:55 /assets/css/aiz-core.css ....... ~ 0s
  2026-02-20 23:16:55 /assets/css/marathi-theme.css .. ~ 0s
  2026-02-20 23:16:55 /assets/css/testimonials-animation.css  ~ 0s
  2026-02-20 23:16:55 /uploads/all/VLzKP5yQnLkojP6Qo5tw3Hqmq66xmzclDD5ccqt3.png  ~ 0s
  2026-02-20 23:16:55 /assets/img/avatar-place.png ... ~ 0s
  2026-02-20 23:16:55 /assets/js/aiz-core.js ......... ~ 0s
  2026-02-20 23:16:55 /assets/js/vendors.js .......... ~ 0s
  2026-02-20 23:16:55 /assets/fonts/la-solid-900.woff2  ~ 0s
  2026-02-20 23:16:55 /assets/fonts/la-brands-400.woff2  ~ 0s
  2026-02-20 23:16:55 ................................ ~ 0s
  2026-02-20 23:17:03 ................................ ~ 0s
  2026-02-20 23:17:03 /assets/css/vendors.css ........ ~ 0s
  2026-02-20 23:17:03 /assets/css/aiz-core.css ....... ~ 0s
  2026-02-20 23:17:03 /assets/css/marathi-theme.css .. ~ 0s
  2026-02-20 23:17:03 /assets/css/testimonials-animation.css  ~ 0s
  2026-02-20 23:17:03 /uploads/all/VLzKP5yQnLkojP6Qo5tw3Hqmq66xmzclDD5ccqt3.png  ~ 0s
  2026-02-20 23:17:03 /assets/img/avatar-place.png ... ~ 0s
  2026-02-20 23:17:03 /assets/js/vendors.js .......... ~ 0s
  2026-02-20 23:17:03 /assets/js/aiz-core.js ......... ~ 0s
  2026-02-20 23:17:03 /assets/fonts/la-solid-900.woff2  ~ 0s
  2026-02-20 23:17:03 /assets/fonts/la-brands-400.woff2  ~ 0s
  2026-02-20 23:17:03 ................................ ~ 0s
  2026-02-20 23:17:07 ................................ ~ 1s
  2026-02-20 23:17:08 /assets/css/vendors.css ........ ~ 0s
  2026-02-20 23:17:08 /assets/css/marathi-theme.css .. ~ 0s
  2026-02-20 23:17:08 /assets/css/testimonials-animation.css  ~ 0s
  2026-02-20 23:17:08 /uploads/all/VLzKP5yQnLkojP6Qo5tw3Hqmq66xmzclDD5ccqt3.png  ~ 0s
  2026-02-20 23:17:08 /assets/css/aiz-core.css ....... ~ 0s
  2026-02-20 23:17:08 /assets/img/custom/bride_banner.png  ~ 0s
  2026-02-20 23:17:08 /assets/img/custom/ritual_banner.png  ~ 0s
  2026-02-20 23:17:08 /assets/img/custom/groom_banner.png  ~ 0s
  2026-02-20 23:17:08 /uploads/all/Dz7iRoKk4NVftWS2NUBCJYb9hyGShKfciMfhW34m.png  ~ 0s
  2026-02-20 23:17:08 /assets/js/aiz-core.js ......... ~ 0s
  2026-02-20 23:17:08 /uploads/all/q7oLZIUsbv2sCeGydBzDZB400XkPnvCmd7dxN8jX.png  ~ 0s
  2026-02-20 23:17:08 /uploads/all/eX4kuKyomyBHsBhGTYvJCRZprXA7osr37SWf9WgY.png  ~ 0s
  2026-02-20 23:17:08 /assets/img/avatar-place.png ... ~ 0s
  2026-02-20 23:17:08 /assets/js/vendors.js .......... ~ 0s
  2026-02-20 23:17:08 /assets/fonts/la-solid-900.woff2  ~ 0s
  2026-02-20 23:17:08 /assets/img/custom/Gemini_Generated_Image_9fk3p79fk3p79fk3.png  ~ 0s
  2026-02-20 23:17:08 /assets/img/custom/actor_banner.png  ~ 0s
  2026-02-20 23:17:08 ................................ ~ 0s
  2026-02-20 23:21:18 ................................ ~ 0s
  2026-02-20 23:21:18 /assets/css/vendors.css ........ ~ 0s
  2026-02-20 23:21:18 /assets/css/marathi-theme.css .. ~ 0s
  2026-02-20 23:21:18 /assets/css/aiz-core.css ....... ~ 0s
  2026-02-20 23:21:18 /assets/css/testimonials-animation.css  ~ 0s
  2026-02-20 23:21:18 /uploads/all/VLzKP5yQnLkojP6Qo5tw3Hqmq66xmzclDD5ccqt3.png  ~ 0s
  2026-02-20 23:21:18 /assets/img/avatar-place.png ... ~ 0s
  2026-02-20 23:21:18 /assets/js/aiz-core.js ......... ~ 0s
  2026-02-20 23:21:18 /assets/js/vendors.js .......... ~ 0s
  2026-02-20 23:21:18 /assets/fonts/la-brands-400.woff2  ~ 0s
  2026-02-20 23:21:18 /assets/fonts/la-solid-900.woff2  ~ 0s
  2026-02-20 23:21:18 ................................ ~ 0s
  2026-02-20 23:21:20 ................................ ~ 0s
  2026-02-20 23:21:47 ................................ ~ 0s
  2026-02-20 23:21:47 /assets/css/vendors.css ........ ~ 0s
  2026-02-20 23:21:47 /assets/css/aiz-core.css ....... ~ 0s
  2026-02-20 23:21:47 /assets/css/marathi-theme.css .. ~ 0s
  2026-02-20 23:21:47 /assets/css/testimonials-animation.css  ~ 0s
  2026-02-20 23:21:47 /uploads/all/VLzKP5yQnLkojP6Qo5tw3Hqmq66xmzclDD5ccqt3.png  ~ 0s
  2026-02-20 23:21:47 /assets/img/custom/bride_banner.png  ~ 0s
  2026-02-20 23:21:47 /assets/img/custom/ritual_banner.png  ~ 0s
  2026-02-20 23:21:47 /assets/img/custom/groom_banner.png  ~ 0s
  2026-02-20 23:21:47 /uploads/all/Dz7iRoKk4NVftWS2NUBCJYb9hyGShKfciMfhW34m.png  ~ 0s
  2026-02-20 23:21:47 /assets/js/aiz-core.js ......... ~ 0s
  2026-02-20 23:21:47 /uploads/all/q7oLZIUsbv2sCeGydBzDZB400XkPnvCmd7dxN8jX.png  ~ 0s
  2026-02-20 23:21:47 /uploads/all/eX4kuKyomyBHsBhGTYvJCRZprXA7osr37SWf9WgY.png  ~ 0s
  2026-02-20 23:21:47 /assets/img/avatar-place.png ... ~ 0s
  2026-02-20 23:21:47 /assets/js/vendors.js .......... ~ 0s
  2026-02-20 23:21:47 /assets/img/custom/actor_banner.png  ~ 0s
  2026-02-20 23:21:47 /assets/img/custom/Gemini_Generated_Image_9fk3p79fk3p79fk3.png  ~ 0s
  2026-02-20 23:21:47 /assets/fonts/la-solid-900.woff2  ~ 0s
  2026-02-20 23:21:47 ................................ ~ 0s
  2026-02-20 23:38:47 ................................ ~ 1s
  2026-02-20 23:38:48 /assets/css/vendors.css ........ ~ 0s
  2026-02-20 23:38:48 /assets/css/aiz-core.css ....... ~ 0s
  2026-02-20 23:38:48 /assets/css/marathi-theme.css .. ~ 0s
  2026-02-20 23:38:48 /assets/css/testimonials-animation.css  ~ 0s
  2026-02-20 23:38:48 /uploads/all/VLzKP5yQnLkojP6Qo5tw3Hqmq66xmzclDD5ccqt3.png  ~ 0s
  2026-02-20 23:38:48 /assets/img/google-play.svg .... ~ 0s
  2026-02-20 23:38:48 /assets/img/app-store.svg ...... ~ 0s
  2026-02-20 23:38:48 /assets/img/avatar-place.png ... ~ 0s
  2026-02-20 23:38:48 /assets/js/aiz-core.js ......... ~ 0s
  2026-02-20 23:38:48 /assets/js/vendors.js .......... ~ 0s
  2026-02-20 23:38:48 /assets/fonts/la-brands-400.woff2  ~ 0s
  2026-02-20 23:38:48 /assets/fonts/la-solid-900.woff2  ~ 0s
  2026-02-20 23:38:48 ................................ ~ 0s
  2026-02-20 23:39:10 ................................ ~ 0s
  2026-02-20 23:39:10 /assets/css/vendors.css ........ ~ 0s
  2026-02-20 23:39:10 /assets/css/aiz-core.css ....... ~ 0s
  2026-02-20 23:39:10 /assets/css/marathi-theme.css .. ~ 0s
  2026-02-20 23:39:10 /assets/css/testimonials-animation.css  ~ 0s
  2026-02-20 23:39:10 /uploads/all/VLzKP5yQnLkojP6Qo5tw3Hqmq66xmzclDD5ccqt3.png  ~ 0s
  2026-02-20 23:39:10 /assets/img/google-play.svg .... ~ 0s
  2026-02-20 23:39:10 /assets/img/app-store.svg ...... ~ 0s
  2026-02-20 23:39:10 /assets/img/avatar-place.png ... ~ 0s
  2026-02-20 23:39:10 /assets/js/aiz-core.js ......... ~ 0s
  2026-02-20 23:39:10 /assets/js/vendors.js .......... ~ 0s
  2026-02-20 23:39:10 /assets/fonts/la-solid-900.woff2  ~ 0s
  2026-02-20 23:39:10 /assets/fonts/la-brands-400.woff2  ~ 0s
  2026-02-20 23:39:10 ................................ ~ 0s
  2026-02-20 23:39:12 ................................ ~ 0s
  2026-02-20 23:39:12 /assets/css/vendors.css ........ ~ 0s
  2026-02-20 23:39:12 /assets/css/marathi-theme.css .. ~ 0s
  2026-02-20 23:39:12 /assets/css/aiz-core.css ....... ~ 0s
  2026-02-20 23:39:12 /assets/css/testimonials-animation.css  ~ 0s
  2026-02-20 23:39:12 /uploads/all/VLzKP5yQnLkojP6Qo5tw3Hqmq66xmzclDD5ccqt3.png  ~ 0s
  2026-02-20 23:39:12 /assets/img/custom/bride_banner.png  ~ 0s
  2026-02-20 23:39:12 /assets/img/custom/ritual_banner.png  ~ 0s
  2026-02-20 23:39:12 /assets/img/custom/groom_banner.png  ~ 0s
  2026-02-20 23:39:12 /uploads/all/Dz7iRoKk4NVftWS2NUBCJYb9hyGShKfciMfhW34m.png  ~ 0s
  2026-02-20 23:39:12 /assets/js/aiz-core.js ......... ~ 0s
  2026-02-20 23:39:12 /uploads/all/q7oLZIUsbv2sCeGydBzDZB400XkPnvCmd7dxN8jX.png  ~ 0s
  2026-02-20 23:39:12 /uploads/all/eX4kuKyomyBHsBhGTYvJCRZprXA7osr37SWf9WgY.png  ~ 0s
  2026-02-20 23:39:12 /assets/img/google-play.svg .... ~ 0s
  2026-02-20 23:39:12 /assets/img/app-store.svg ...... ~ 0s
  2026-02-20 23:39:12 /assets/img/avatar-place.png ... ~ 0s
  2026-02-20 23:39:12 /assets/js/vendors.js .......... ~ 0s
  2026-02-20 23:39:12 /assets/img/custom/actor_banner.png  ~ 0s
  2026-02-20 23:39:12 /assets/img/custom/Gemini_Generated_Image_9fk3p79fk3p79fk3.png  ~ 0s
  2026-02-20 23:39:12 /assets/fonts/la-solid-900.woff2  ~ 0s
  2026-02-20 23:39:12 /assets/fonts/la-brands-400.woff2  ~ 0s
  2026-02-20 23:39:12 ................................ ~ 0s
  2026-02-20 23:39:41 ................................ ~ 0s
  2026-02-21 00:05:49 ................................ ~ 0s
  2026-02-21 00:39:10 ................................ ~ 0s
  2026-02-21 00:39:12 ................................ ~ 0s
  2026-02-21 00:39:41 ................................ ~ 0s
  2026-02-21 01:05:49 ................................ ~ 0s
  2026-02-21 01:39:10 ................................ ~ 0s
  2026-02-21 01:39:12 ................................ ~ 0s
  2026-02-21 01:39:41 ................................ ~ 0s
  2026-02-21 02:05:49 ................................ ~ 0s
  2026-02-21 10:20:36 ................................ ~ 0s
  2026-02-21 10:20:36 ................................ ~ 0s
  2026-02-21 11:07:29 ................................ ~ 1s
  2026-02-21 11:07:31 ................................ ~ 0s
  2026-02-21 11:08:00 ................................ ~ 1s
